/*
 Navicat Premium Data Transfer

 Source Server         : test
 Source Server Type    : MySQL
 Source Server Version : 50735
 Source Host           : localhost:3306
 Source Schema         : bbs

 Target Server Type    : MySQL
 Target Server Version : 50735
 File Encoding         : 65001

 Date: 09/07/2022 21:22:45
*/

SET NAMES utf8mb4;
SET FOREIGN_KEY_CHECKS = 0;

-- ----------------------------
-- Table structure for bbs_article
-- ----------------------------
DROP TABLE IF EXISTS `bbs_article`;
CREATE TABLE `bbs_article`  (
  `id` int(50) NOT NULL AUTO_INCREMENT,
  `title` varchar(255) CHARACTER SET utf8mb4 COLLATE utf8mb4_general_ci NOT NULL,
  `content` varchar(5000) CHARACTER SET utf8mb4 COLLATE utf8mb4_general_ci NOT NULL,
  `category` varchar(255) CHARACTER SET utf8 COLLATE utf8_general_ci NOT NULL,
  `status` int(10) NOT NULL DEFAULT 0,
  `type_id` int(10) NOT NULL,
  `author_id` varchar(255) CHARACTER SET utf8 COLLATE utf8_general_ci NOT NULL,
  `collections` int(50) NOT NULL DEFAULT 0,
  `views` int(50) NOT NULL DEFAULT 0,
  `approves` int(50) NOT NULL DEFAULT 0,
  `comments` int(50) NOT NULL DEFAULT 0,
  `is_delete` int(50) NOT NULL DEFAULT 0,
  `create_time` varchar(255) CHARACTER SET utf8 COLLATE utf8_general_ci NOT NULL,
  `update_time` varchar(255) CHARACTER SET utf8 COLLATE utf8_general_ci NOT NULL,
  PRIMARY KEY (`id`) USING BTREE
) ENGINE = InnoDB AUTO_INCREMENT = 91 CHARACTER SET = utf8 COLLATE = utf8_general_ci ROW_FORMAT = Dynamic;

-- ----------------------------
-- Records of bbs_article
-- ----------------------------
INSERT INTO `bbs_article` VALUES (2, '现在什么技术最流行？', '有互联网大佬用IMABCDE这七个字母总结归纳了当今最流行的前沿技术，他们分别是IoT物联网、Mobile移动计算、AI人工智能、Blockchain区块链、Cloud云计算、Data大数据、Edge边缘计乍一眼看上去眼花缭乱，给人无穷的学习压力，但其实，我想说，这七大技术全都是以分布式技术为基石的在全球经济增速趋缓的大背景下，与许多应用业务大量裁人形成鲜明对比的是，各大巨头的中间件团队、实验室等基础部门，依然在大规模地招兵买马。随着业务扩展，以及IMABCDE等新兴技术领域的布局，分布式技术人才已然成为巨头们争夺的焦点我认为，谁更好地掌握了分布式技术，谁就更容易在新一轮技术浪潮中获得主动。', 'article', 1, 1, '028a7457e1436360a6c405be3149da21', 0, 5, 100, 5, 1, '2022-03-09:16:43:08', '2022-04-12:14:00:29');
INSERT INTO `bbs_article` VALUES (3, '现在什么技术最流行？', '有互联网大佬用IMABCDE这七个字母总结归纳了当今最流行的前沿技术，他们分别是IoT物联网、Mobile移动计算、AI人工智能、Blockchain区块链、Cloud云计算、Data大数据、Edge边缘计乍一眼看上去眼花缭乱，给人无穷的学习压力，但其实，我想说，这七大技术全都是以分布式技术为基石的在全球经济增速趋缓的大背景下，与许多应用业务大量裁人形成鲜明对比的是，各大巨头的中间件团队、实验室等基础部门，依然在大规模地招兵买马。随着业务扩展，以及IMABCDE等新兴技术领域的布局，分布式技术人才已然成为巨头们争夺的焦点我认为，谁更好地掌握了分布式技术，谁就更容易在新一轮技术浪潮中获得主动。', 'article', 2, 1, '028a7457e1436360a6c405be3149da21', 0, 4, 100, 5, 0, '2022-03-09:16:45:08', '2022-03-09:16:45:08');
INSERT INTO `bbs_article` VALUES (4, '2为什么现在什么技术最流行？', '为什么有互联网大佬用IMABCDE这七个字母总结归纳了当今最流行的前沿技术，他们分别是IoT物联网、Mobile移动计算、AI人工智能、Blockchain区块链、Cloud云计算、Data大数据、Edge边缘计乍一眼看上去眼花缭乱，给人无穷的学习压力，但其实，我想说，这七大技术全都是以分布式技术为基石的在全球经济增速趋缓的大背景下，与许多应用业务大量裁人形成鲜明对比的是，各大巨头的中间件团队、实验室等基础部门，依然在大规模地招兵买马。随着业务扩展，以及IMABCDE等新兴技术领域的布局，分布式技术人才已然成为巨头们争夺的焦点我认为，谁更好地掌握了分布式技术，谁就更容易在新一轮技术浪潮中获得主动。', 'answer', 0, 1, '028a7457e1436360a6c405be3149da21', 0, 4, 100, 5, 0, '2022-03-09:17:00:56', '2022-04-15:23:12:47');
INSERT INTO `bbs_article` VALUES (5, '3为什么现在什么技术最流行？', '为什么有互联网大佬用IMABCDE这七个字母总结归纳了当今最流行的前沿技术，他们分别是IoT物联网、Mobile移动计算、AI人工智能、Blockchain区块链、Cloud云计算、Data大数据、Edge边缘计乍一眼看上去眼花缭乱，给人无穷的学习压力，但其实，我想说，这七大技术全都是以分布式技术为基石的在全球经济增速趋缓的大背景下，与许多应用业务大量裁人形成鲜明对比的是，各大巨头的中间件团队、实验室等基础部门，依然在大规模地招兵买马。随着业务扩展，以及IMABCDE等新兴技术领域的布局，分布式技术人才已然成为巨头们争夺的焦点我认为，谁更好地掌握了分布式技术，谁就更容易在新一轮技术浪潮中获得主动。', 'answer', 0, 1, '028a7457e1436360a6c405be3149da21', 0, 4, 100, 5, 0, '2022-03-09:21:21:30', '2022-03-09:21:21:30');
INSERT INTO `bbs_article` VALUES (6, '0为什么现在什么技术最流行？', '为什么有互联网大佬用IMABCDE这七个字母总结归纳了当今最流行的前沿技术，他们分别是IoT物联网、Mobile移动计算、AI人工智能、Blockchain区块链、Cloud云计算、Data大数据、Edge边缘计乍一眼看上去眼花缭乱，给人无穷的学习压力，但其实，我想说，这七大技术全都是以分布式技术为基石的在全球经济增速趋缓的大背景下，与许多应用业务大量裁人形成鲜明对比的是，各大巨头的中间件团队、实验室等基础部门，依然在大规模地招兵买马。随着业务扩展，以及IMABCDE等新兴技术领域的布局，分布式技术人才已然成为巨头们争夺的焦点我认为，谁更好地掌握了分布式技术，谁就更容易在新一轮技术浪潮中获得主动。', 'answer', 0, 1, '028a7457e1436360a6c405be3149da21', 0, 4, 100, 5, 0, '2022-03-09:21:22:40', '2022-03-09:21:22:40');
INSERT INTO `bbs_article` VALUES (7, '1为什么现在什么技术最流行？', '为什么有互联网大佬用IMABCDE这七个字母总结归纳了当今最流行的前沿技术，他们分别是IoT物联网、Mobile移动计算、AI人工智能、Blockchain区块链、Cloud云计算、Data大数据、Edge边缘计乍一眼看上去眼花缭乱，给人无穷的学习压力，但其实，我想说，这七大技术全都是以分布式技术为基石的在全球经济增速趋缓的大背景下，与许多应用业务大量裁人形成鲜明对比的是，各大巨头的中间件团队、实验室等基础部门，依然在大规模地招兵买马。随着业务扩展，以及IMABCDE等新兴技术领域的布局，分布式技术人才已然成为巨头们争夺的焦点我认为，谁更好地掌握了分布式技术，谁就更容易在新一轮技术浪潮中获得主动。', 'answer', 0, 1, '028a7457e1436360a6c405be3149da21', 0, 4, 100, 5, 0, '2022-03-09:21:22:40', '2022-03-09:21:22:40');
INSERT INTO `bbs_article` VALUES (8, '2为什么现在什么技术最流行？', '为什么有互联网大佬用IMABCDE这七个字母总结归纳了当今最流行的前沿技术，他们分别是IoT物联网、Mobile移动计算、AI人工智能、Blockchain区块链、Cloud云计算、Data大数据、Edge边缘计乍一眼看上去眼花缭乱，给人无穷的学习压力，但其实，我想说，这七大技术全都是以分布式技术为基石的在全球经济增速趋缓的大背景下，与许多应用业务大量裁人形成鲜明对比的是，各大巨头的中间件团队、实验室等基础部门，依然在大规模地招兵买马。随着业务扩展，以及IMABCDE等新兴技术领域的布局，分布式技术人才已然成为巨头们争夺的焦点我认为，谁更好地掌握了分布式技术，谁就更容易在新一轮技术浪潮中获得主动。', 'answer', 0, 1, '028a7457e1436360a6c405be3149da21', 0, 5, 100, 5, 0, '2022-03-09:21:22:40', '2022-04-15:23:12:47');
INSERT INTO `bbs_article` VALUES (9, '3为什么现在什么技术最流行？', '有互联网大佬用IMABCDE这七个字母总结归纳了当今最流行的前沿技术，他们分别是IoT物联网、Mobile移动计算、AI人工智能、Blockchain区块链、Cloud云计算、Data大数据、Edge边缘计乍一眼看上去眼花缭乱，给人无穷的学习压力，但其实，我想说，这七大技术全都是以分布式技术为基石的在全球经济增速趋缓的大背景下，与许多应用业务大量裁人形成鲜明对比的是，各大巨头的中间件团队、实验室等基础部门，依然在大规模地招兵买马。随着业务扩展，以及IMABCDE等新兴技术领域的布局，分布式技术人才已然成为巨头们争夺的焦点我认为，谁更好地掌握了分布式技术，谁就更容易在新一轮技术浪潮中获得主动。', 'answer', 0, 1, '028a7457e1436360a6c405be3149da21', 0, 4, 100, 5, 0, '2022-03-09:21:22:40', '2022-03-09:21:22:40');
INSERT INTO `bbs_article` VALUES (10, '为什么现在什么技术最流行？', '有互联网大佬用IMABCDE这七个字母总结归纳了当今最流行的前沿技术，他们分别是IoT物联网、Mobile移动计算、AI人工智能、Blockchain区块链、Cloud云计算、Data大数据、Edge边缘计乍一眼看上去眼花缭乱，给人无穷的学习压力，但其实，我想说，这七大技术全都是以分布式技术为基石的在全球经济增速趋缓的大背景下，与许多应用业务大量裁人形成鲜明对比的是，各大巨头的中间件团队、实验室等基础部门，依然在大规模地招兵买马。随着业务扩展，以及IMABCDE等新兴技术领域的布局，分布式技术人才已然成为巨头们争夺的焦点我认为，谁更好地掌握了分布式技术，谁就更容易在新一轮技术浪潮中获得主动。', 'answer', 0, 1, '028a7457e1436360a6c405be3149da21', 0, 4, 100, 5, 0, '2022-03-09:21:22:40', '2022-04-15:23:12:47');
INSERT INTO `bbs_article` VALUES (11, '0现在什么技术最流行？', '有互联网大佬用IMABCDE这七个字母总结归纳了当今最流行的前沿技术，他们分别是IoT物联网、Mobile移动计算、AI人工智能、Blockchain区块链、Cloud云计算、Data大数据、Edge边缘计乍一眼看上去眼花缭乱，给人无穷的学习压力，但其实，我想说，这七大技术全都是以分布式技术为基石的在全球经济增速趋缓的大背景下，与许多应用业务大量裁人形成鲜明对比的是，各大巨头的中间件团队、实验室等基础部门，依然在大规模地招兵买马。随着业务扩展，以及IMABCDE等新兴技术领域的布局，分布式技术人才已然成为巨头们争夺的焦点我认为，谁更好地掌握了分布式技术，谁就更容易在新一轮技术浪潮中获得主动。', 'article', 0, 1, '028a7457e1436360a6c405be3149da21', 0, 4, 100, 5, 0, '2022-03-09:21:23:34', '2022-03-09:21:23:34');
INSERT INTO `bbs_article` VALUES (12, '1现在什么技术最流行？', '有互联网大佬用IMABCDE这七个字母总结归纳了当今最流行的前沿技术，他们分别是IoT物联网、Mobile移动计算、AI人工智能、Blockchain区块链、Cloud云计算、Data大数据、Edge边缘计乍一眼看上去眼花缭乱，给人无穷的学习压力，但其实，我想说，这七大技术全都是以分布式技术为基石的在全球经济增速趋缓的大背景下，与许多应用业务大量裁人形成鲜明对比的是，各大巨头的中间件团队、实验室等基础部门，依然在大规模地招兵买马。随着业务扩展，以及IMABCDE等新兴技术领域的布局，分布式技术人才已然成为巨头们争夺的焦点我认为，谁更好地掌握了分布式技术，谁就更容易在新一轮技术浪潮中获得主动。', 'article', 0, 1, '028a7457e1436360a6c405be3149da21', 0, 4, 100, 5, 0, '2022-03-09:21:23:34', '2022-04-15:23:12:47');
INSERT INTO `bbs_article` VALUES (13, '2现在什么技术最流行？', '有互联网大佬用IMABCDE这七个字母总结归纳了当今最流行的前沿技术，他们分别是IoT物联网、Mobile移动计算、AI人工智能、Blockchain区块链、Cloud云计算、Data大数据、Edge边缘计乍一眼看上去眼花缭乱，给人无穷的学习压力，但其实，我想说，这七大技术全都是以分布式技术为基石的在全球经济增速趋缓的大背景下，与许多应用业务大量裁人形成鲜明对比的是，各大巨头的中间件团队、实验室等基础部门，依然在大规模地招兵买马。随着业务扩展，以及IMABCDE等新兴技术领域的布局，分布式技术人才已然成为巨头们争夺的焦点我认为，谁更好地掌握了分布式技术，谁就更容易在新一轮技术浪潮中获得主动。', 'article', 0, 1, '028a7457e1436360a6c405be3149da21', 0, 4, 100, 5, 0, '2022-03-09:21:23:34', '2022-04-15:23:12:47');
INSERT INTO `bbs_article` VALUES (14, '3现在什么技术最流行？', '有互联网大佬用IMABCDE这七个字母总结归纳了当今最流行的前沿技术，他们分别是IoT物联网、Mobile移动计算、AI人工智能、Blockchain区块链、Cloud云计算、Data大数据、Edge边缘计乍一眼看上去眼花缭乱，给人无穷的学习压力，但其实，我想说，这七大技术全都是以分布式技术为基石的在全球经济增速趋缓的大背景下，与许多应用业务大量裁人形成鲜明对比的是，各大巨头的中间件团队、实验室等基础部门，依然在大规模地招兵买马。随着业务扩展，以及IMABCDE等新兴技术领域的布局，分布式技术人才已然成为巨头们争夺的焦点我认为，谁更好地掌握了分布式技术，谁就更容易在新一轮技术浪潮中获得主动。', 'article', 0, 1, '028a7457e1436360a6c405be3149da21', 0, 4, 100, 5, 0, '2022-03-09:21:23:34', '2022-03-09:21:23:34');
INSERT INTO `bbs_article` VALUES (15, '4现在什么技术最流行？', '有互联网大佬用IMABCDE这七个字母总结归纳了当今最流行的前沿技术，他们分别是IoT物联网、Mobile移动计算、AI人工智能、Blockchain区块链、Cloud云计算、Data大数据、Edge边缘计乍一眼看上去眼花缭乱，给人无穷的学习压力，但其实，我想说，这七大技术全都是以分布式技术为基石的在全球经济增速趋缓的大背景下，与许多应用业务大量裁人形成鲜明对比的是，各大巨头的中间件团队、实验室等基础部门，依然在大规模地招兵买马。随着业务扩展，以及IMABCDE等新兴技术领域的布局，分布式技术人才已然成为巨头们争夺的焦点我认为，谁更好地掌握了分布式技术，谁就更容易在新一轮技术浪潮中获得主动。', 'article', 0, 1, '028a7457e1436360a6c405be3149da21', 0, 5, 101, 5, 0, '2022-03-09:21:23:34', '2022-04-15:23:12:47');
INSERT INTO `bbs_article` VALUES (31, '为什么0现在什么技术最流行？', '有互联网大佬用IMABCDE这七个字母总结归纳了当今最流行的前沿技术，他们分别是IoT物联网、Mobile移动计算、AI人工智能、Blockchain区块链、Cloud云计算、Data大数据、Edge边缘计乍一眼看上去眼花缭乱，给人无穷的学习压力，但其实，我想说，这七大技术全都是以分布式技术为基石的在全球经济增速趋缓的大背景下，与许多应用业务大量裁人形成鲜明对比的是，各大巨头的中间件团队、实验室等基础部门，依然在大规模地招兵买马。随着业务扩展，以及IMABCDE等新兴技术领域的布局，分布式技术人才已然成为巨头们争夺的焦点我认为，谁更好地掌握了分布式技术，谁就更容易在新一轮技术浪潮中获得主动。', 'answer', 0, 1, '028a7457e1436360a6c405be3149da21', 0, 4, 100, 5, 0, '2022-03-09:21:35:40', '2022-03-09:21:35:40');
INSERT INTO `bbs_article` VALUES (32, '1为什么现在什么技术最流行？', '有互联网大佬用IMABCDE这七个字母总结归纳了当今最流行的前沿技术，他们分别是IoT物联网、Mobile移动计算、AI人工智能、Blockchain区块链、Cloud云计算、Data大数据、Edge边缘计乍一眼看上去眼花缭乱，给人无穷的学习压力，但其实，我想说，这七大技术全都是以分布式技术为基石的在全球经济增速趋缓的大背景下，与许多应用业务大量裁人形成鲜明对比的是，各大巨头的中间件团队、实验室等基础部门，依然在大规模地招兵买马。随着业务扩展，以及IMABCDE等新兴技术领域的布局，分布式技术人才已然成为巨头们争夺的焦点我认为，谁更好地掌握了分布式技术，谁就更容易在新一轮技术浪潮中获得主动。', 'answer', 0, 1, '028a7457e1436360a6c405be3149da21', 0, 4, 100, 5, 0, '2022-03-09:21:35:41', '2022-03-09:21:35:41');
INSERT INTO `bbs_article` VALUES (33, '2为什么现在什么技术最流行？', '有互联网大佬用IMABCDE这七个字母总结归纳了当今最流行的前沿技术，他们分别是IoT物联网、Mobile移动计算、AI人工智能、Blockchain区块链、Cloud云计算、Data大数据、Edge边缘计乍一眼看上去眼花缭乱，给人无穷的学习压力，但其实，我想说，这七大技术全都是以分布式技术为基石的在全球经济增速趋缓的大背景下，与许多应用业务大量裁人形成鲜明对比的是，各大巨头的中间件团队、实验室等基础部门，依然在大规模地招兵买马。随着业务扩展，以及IMABCDE等新兴技术领域的布局，分布式技术人才已然成为巨头们争夺的焦点我认为，谁更好地掌握了分布式技术，谁就更容易在新一轮技术浪潮中获得主动。', 'answer', 0, 1, '028a7457e1436360a6c405be3149da21', 0, 4, 100, 5, 0, '2022-03-09:21:35:41', '2022-03-09:21:35:41');
INSERT INTO `bbs_article` VALUES (34, '3为什么现在什么技术最流行？', '有互联网大佬用IMABCDE这七个字母总结归纳了当今最流行的前沿技术，他们分别是IoT物联网、Mobile移动计算、AI人工智能、Blockchain区块链、Cloud云计算、Data大数据、Edge边缘计乍一眼看上去眼花缭乱，给人无穷的学习压力，但其实，我想说，这七大技术全都是以分布式技术为基石的在全球经济增速趋缓的大背景下，与许多应用业务大量裁人形成鲜明对比的是，各大巨头的中间件团队、实验室等基础部门，依然在大规模地招兵买马。随着业务扩展，以及IMABCDE等新兴技术领域的布局，分布式技术人才已然成为巨头们争夺的焦点我认为，谁更好地掌握了分布式技术，谁就更容易在新一轮技术浪潮中获得主动。', 'answer', 0, 1, '028a7457e1436360a6c405be3149da21', 0, 4, 100, 5, 0, '2022-03-09:21:35:41', '2022-04-15:23:12:47');
INSERT INTO `bbs_article` VALUES (35, '4为什么现在什么技术最流行？', '有互联网大佬用IMABCDE这七个字母总结归纳了当今最流行的前沿技术，他们分别是IoT物联网、Mobile移动计算、AI人工智能、Blockchain区块链、Cloud云计算、Data大数据、Edge边缘计乍一眼看上去眼花缭乱，给人无穷的学习压力，但其实，我想说，这七大技术全都是以分布式技术为基石的在全球经济增速趋缓的大背景下，与许多应用业务大量裁人形成鲜明对比的是，各大巨头的中间件团队、实验室等基础部门，依然在大规模地招兵买马。随着业务扩展，以及IMABCDE等新兴技术领域的布局，分布式技术人才已然成为巨头们争夺的焦点我认为，谁更好地掌握了分布式技术，谁就更容易在新一轮技术浪潮中获得主动。', 'answer', 0, 1, '028a7457e1436360a6c405be3149da21', 0, 4, 100, 5, 0, '2022-03-09:21:35:41', '2022-03-09:21:35:41');
INSERT INTO `bbs_article` VALUES (36, '10现在什么技术最流行？', '有互联网大佬用IMABCDE这七个字母总结归纳了当今最流行的前沿技术，他们分别是IoT物联网、Mobile移动计算、AI人工智能、Blockchain区块链、Cloud云计算、Data大数据、Edge边缘计乍一眼看上去眼花缭乱，给人无穷的学习压力，但其实，我想说，这七大技术全都是以分布式技术为基石的在全球经济增速趋缓的大背景下，与许多应用业务大量裁人形成鲜明对比的是，各大巨头的中间件团队、实验室等基础部门，依然在大规模地招兵买马。随着业务扩展，以及IMABCDE等新兴技术领域的布局，分布式技术人才已然成为巨头们争夺的焦点我认为，谁更好地掌握了分布式技术，谁就更容易在新一轮技术浪潮中获得主动。', 'article', 0, 1, '028a7457e1436360a6c405be3149da21', 0, 4, 100, 5, 0, '2022-03-09:21:48:27', '2022-03-09:21:48:27');
INSERT INTO `bbs_article` VALUES (37, '1现在什么技术最流行？', '有互联网大佬用IMABCDE这七个字母总结归纳了当今最流行的前沿技术，他们分别是IoT物联网、Mobile移动计算、AI人工智能、Blockchain区块链、Cloud云计算、Data大数据、Edge边缘计乍一眼看上去眼花缭乱，给人无穷的学习压力，但其实，我想说，这七大技术全都是以分布式技术为基石的在全球经济增速趋缓的大背景下，与许多应用业务大量裁人形成鲜明对比的是，各大巨头的中间件团队、实验室等基础部门，依然在大规模地招兵买马。随着业务扩展，以及IMABCDE等新兴技术领域的布局，分布式技术人才已然成为巨头们争夺的焦点我认为，谁更好地掌握了分布式技术，谁就更容易在新一轮技术浪潮中获得主动。', 'article', 0, 1, '028a7457e1436360a6c405be3149da21', 0, 4, 100, 5, 0, '2022-03-09:21:48:27', '2022-03-09:21:48:27');
INSERT INTO `bbs_article` VALUES (38, '2现在什么技术最流行？', '有互联网大佬用IMABCDE这七个字母总结归纳了当今最流行的前沿技术，他们分别是IoT物联网、Mobile移动计算、AI人工智能、Blockchain区块链、Cloud云计算、Data大数据、Edge边缘计乍一眼看上去眼花缭乱，给人无穷的学习压力，但其实，我想说，这七大技术全都是以分布式技术为基石的在全球经济增速趋缓的大背景下，与许多应用业务大量裁人形成鲜明对比的是，各大巨头的中间件团队、实验室等基础部门，依然在大规模地招兵买马。随着业务扩展，以及IMABCDE等新兴技术领域的布局，分布式技术人才已然成为巨头们争夺的焦点我认为，谁更好地掌握了分布式技术，谁就更容易在新一轮技术浪潮中获得主动。', 'article', 0, 1, '028a7457e1436360a6c405be3149da21', 0, 4, 100, 5, 0, '2022-03-09:21:48:27', '2022-03-09:21:48:27');
INSERT INTO `bbs_article` VALUES (39, '3现在什么技术最流行？', '有互联网大佬用IMABCDE这七个字母总结归纳了当今最流行的前沿技术，他们分别是IoT物联网、Mobile移动计算、AI人工智能、Blockchain区块链、Cloud云计算、Data大数据、Edge边缘计乍一眼看上去眼花缭乱，给人无穷的学习压力，但其实，我想说，这七大技术全都是以分布式技术为基石的在全球经济增速趋缓的大背景下，与许多应用业务大量裁人形成鲜明对比的是，各大巨头的中间件团队、实验室等基础部门，依然在大规模地招兵买马。随着业务扩展，以及IMABCDE等新兴技术领域的布局，分布式技术人才已然成为巨头们争夺的焦点我认为，谁更好地掌握了分布式技术，谁就更容易在新一轮技术浪潮中获得主动。', 'article', 0, 1, '028a7457e1436360a6c405be3149da21', 0, 4, 100, 5, 1, '2022-03-09:21:48:27', '2022-04-12:14:10:18');
INSERT INTO `bbs_article` VALUES (40, '4现在什么技术最流行？', '有互联网大佬用IMABCDE这七个字母总结归纳了当今最流行的前沿技术，他们分别是IoT物联网、Mobile移动计算、AI人工智能、Blockchain区块链、Cloud云计算、Data大数据、Edge边缘计乍一眼看上去眼花缭乱，给人无穷的学习压力，但其实，我想说，这七大技术全都是以分布式技术为基石的在全球经济增速趋缓的大背景下，与许多应用业务大量裁人形成鲜明对比的是，各大巨头的中间件团队、实验室等基础部门，依然在大规模地招兵买马。随着业务扩展，以及IMABCDE等新兴技术领域的布局，分布式技术人才已然成为巨头们争夺的焦点我认为，谁更好地掌握了分布式技术，谁就更容易在新一轮技术浪潮中获得主动。', 'article', 0, 1, '028a7457e1436360a6c405be3149da21', 0, 4, 100, 5, 0, '2022-03-09:21:48:27', '2022-03-09:21:48:27');
INSERT INTO `bbs_article` VALUES (41, '0现在什么技术最流行？', '有互联网大佬用IMABCDE这七个字母总结归纳了当今最流行的前沿技术，他们分别是IoT物联网、Mobile移动计算、AI人工智能、Blockchain区块链、Cloud云计算、Data大数据、Edge边缘计乍一眼看上去眼花缭乱，给人无穷的学习压力，但其实，我想说，这七大技术全都是以分布式技术为基石的在全球经济增速趋缓的大背景下，与许多应用业务大量裁人形成鲜明对比的是，各大巨头的中间件团队、实验室等基础部门，依然在大规模地招兵买马。随着业务扩展，以及IMABCDE等新兴技术领域的布局，分布式技术人才已然成为巨头们争夺的焦点我认为，谁更好地掌握了分布式技术，谁就更容易在新一轮技术浪潮中获得主动。', 'article', 0, 2, '028a7457e1436360a6c405be3149da21', 0, 4, 100, 5, 1, '2022-03-10:11:57:08', '2022-04-12:14:10:08');
INSERT INTO `bbs_article` VALUES (42, '1现在什么技术最流行？', '有互联网大佬用IMABCDE这七个字母总结归纳了当今最流行的前沿技术，他们分别是IoT物联网、Mobile移动计算、AI人工智能、Blockchain区块链、Cloud云计算、Data大数据、Edge边缘计乍一眼看上去眼花缭乱，给人无穷的学习压力，但其实，我想说，这七大技术全都是以分布式技术为基石的在全球经济增速趋缓的大背景下，与许多应用业务大量裁人形成鲜明对比的是，各大巨头的中间件团队、实验室等基础部门，依然在大规模地招兵买马。随着业务扩展，以及IMABCDE等新兴技术领域的布局，分布式技术人才已然成为巨头们争夺的焦点我认为，谁更好地掌握了分布式技术，谁就更容易在新一轮技术浪潮中获得主动。', 'article', 0, 2, '028a7457e1436360a6c405be3149da21', 0, 4, 100, 5, 1, '2022-03-10:11:57:08', '2022-04-12:14:10:08');
INSERT INTO `bbs_article` VALUES (43, '2现在什么技术最流行？', '有互联网大佬用IMABCDE这七个字母总结归纳了当今最流行的前沿技术，他们分别是IoT物联网、Mobile移动计算、AI人工智能、Blockchain区块链、Cloud云计算、Data大数据、Edge边缘计乍一眼看上去眼花缭乱，给人无穷的学习压力，但其实，我想说，这七大技术全都是以分布式技术为基石的在全球经济增速趋缓的大背景下，与许多应用业务大量裁人形成鲜明对比的是，各大巨头的中间件团队、实验室等基础部门，依然在大规模地招兵买马。随着业务扩展，以及IMABCDE等新兴技术领域的布局，分布式技术人才已然成为巨头们争夺的焦点我认为，谁更好地掌握了分布式技术，谁就更容易在新一轮技术浪潮中获得主动。', 'article', 0, 2, '028a7457e1436360a6c405be3149da21', 0, 4, 100, 5, 1, '2022-03-10:11:57:08', '2022-04-12:14:10:18');
INSERT INTO `bbs_article` VALUES (44, '3现在什么技术最流行？', '有互联网大佬用IMABCDE这七个字母总结归纳了当今最流行的前沿技术，他们分别是IoT物联网、Mobile移动计算、AI人工智能、Blockchain区块链、Cloud云计算、Data大数据、Edge边缘计乍一眼看上去眼花缭乱，给人无穷的学习压力，但其实，我想说，这七大技术全都是以分布式技术为基石的在全球经济增速趋缓的大背景下，与许多应用业务大量裁人形成鲜明对比的是，各大巨头的中间件团队、实验室等基础部门，依然在大规模地招兵买马。随着业务扩展，以及IMABCDE等新兴技术领域的布局，分布式技术人才已然成为巨头们争夺的焦点我认为，谁更好地掌握了分布式技术，谁就更容易在新一轮技术浪潮中获得主动。', 'article', 0, 2, '028a7457e1436360a6c405be3149da21', 0, 4, 100, 5, 0, '2022-03-10:11:57:08', '2022-03-10:11:57:08');
INSERT INTO `bbs_article` VALUES (45, '4现在什么技术最流行？', '有互联网大佬用IMABCDE这七个字母总结归纳了当今最流行的前沿技术，他们分别是IoT物联网、Mobile移动计算、AI人工智能、Blockchain区块链、Cloud云计算、Data大数据、Edge边缘计乍一眼看上去眼花缭乱，给人无穷的学习压力，但其实，我想说，这七大技术全都是以分布式技术为基石的在全球经济增速趋缓的大背景下，与许多应用业务大量裁人形成鲜明对比的是，各大巨头的中间件团队、实验室等基础部门，依然在大规模地招兵买马。随着业务扩展，以及IMABCDE等新兴技术领域的布局，分布式技术人才已然成为巨头们争夺的焦点我认为，谁更好地掌握了分布式技术，谁就更容易在新一轮技术浪潮中获得主动。', 'article', 0, 2, '028a7457e1436360a6c405be3149da21', 0, 4, 100, 5, 0, '2022-03-10:11:57:08', '2022-03-10:11:57:08');
INSERT INTO `bbs_article` VALUES (46, '0现在什么技术最流行？', '有互联网大佬用IMABCDE这七个字母总结归纳了当今最流行的前沿技术，他们分别是IoT物联网、Mobile移动计算、AI人工智能、Blockchain区块链、Cloud云计算、Data大数据、Edge边缘计乍一眼看上去眼花缭乱，给人无穷的学习压力，但其实，我想说，这七大技术全都是以分布式技术为基石的在全球经济增速趋缓的大背景下，与许多应用业务大量裁人形成鲜明对比的是，各大巨头的中间件团队、实验室等基础部门，依然在大规模地招兵买马。随着业务扩展，以及IMABCDE等新兴技术领域的布局，分布式技术人才已然成为巨头们争夺的焦点我认为，谁更好地掌握了分布式技术，谁就更容易在新一轮技术浪潮中获得主动。', 'article', 0, 3, '028a7457e1436360a6c405be3149da21', 0, 4, 100, 5, 0, '2022-03-10:11:57:24', '2022-03-10:11:57:24');
INSERT INTO `bbs_article` VALUES (47, '1现在什么技术最流行？', '有互联网大佬用IMABCDE这七个字母总结归纳了当今最流行的前沿技术，他们分别是IoT物联网、Mobile移动计算、AI人工智能、Blockchain区块链、Cloud云计算、Data大数据、Edge边缘计乍一眼看上去眼花缭乱，给人无穷的学习压力，但其实，我想说，这七大技术全都是以分布式技术为基石的在全球经济增速趋缓的大背景下，与许多应用业务大量裁人形成鲜明对比的是，各大巨头的中间件团队、实验室等基础部门，依然在大规模地招兵买马。随着业务扩展，以及IMABCDE等新兴技术领域的布局，分布式技术人才已然成为巨头们争夺的焦点我认为，谁更好地掌握了分布式技术，谁就更容易在新一轮技术浪潮中获得主动。', 'article', 0, 3, '028a7457e1436360a6c405be3149da21', 0, 5, 100, 5, 0, '2022-03-10:11:57:24', '2022-03-10:11:57:24');
INSERT INTO `bbs_article` VALUES (48, '2现在什么技术最流行？', '有互联网大佬用IMABCDE这七个字母总结归纳了当今最流行的前沿技术，他们分别是IoT物联网、Mobile移动计算、AI人工智能、Blockchain区块链、Cloud云计算、Data大数据、Edge边缘计乍一眼看上去眼花缭乱，给人无穷的学习压力，但其实，我想说，这七大技术全都是以分布式技术为基石的在全球经济增速趋缓的大背景下，与许多应用业务大量裁人形成鲜明对比的是，各大巨头的中间件团队、实验室等基础部门，依然在大规模地招兵买马。随着业务扩展，以及IMABCDE等新兴技术领域的布局，分布式技术人才已然成为巨头们争夺的焦点我认为，谁更好地掌握了分布式技术，谁就更容易在新一轮技术浪潮中获得主动。', 'article', 0, 3, '028a7457e1436360a6c405be3149da21', 0, 4, 100, 5, 0, '2022-03-10:11:57:24', '2022-03-10:11:57:24');
INSERT INTO `bbs_article` VALUES (49, '3现在什么技术最流行？', '有互联网大佬用IMABCDE这七个字母总结归纳了当今最流行的前沿技术，他们分别是IoT物联网、Mobile移动计算、AI人工智能、Blockchain区块链、Cloud云计算、Data大数据、Edge边缘计乍一眼看上去眼花缭乱，给人无穷的学习压力，但其实，我想说，这七大技术全都是以分布式技术为基石的在全球经济增速趋缓的大背景下，与许多应用业务大量裁人形成鲜明对比的是，各大巨头的中间件团队、实验室等基础部门，依然在大规模地招兵买马。随着业务扩展，以及IMABCDE等新兴技术领域的布局，分布式技术人才已然成为巨头们争夺的焦点我认为，谁更好地掌握了分布式技术，谁就更容易在新一轮技术浪潮中获得主动。', 'article', 0, 3, '028a7457e1436360a6c405be3149da21', 0, 200, 100, 5, 1, '2022-03-10:11:57:24', '2022-03-14:17:13:40');
INSERT INTO `bbs_article` VALUES (50, '4现在什么技术最流行？', '有互联网大佬用IMABCDE这七个字母总结归纳了当今最流行的前沿技术，他们分别是IoT物联网、Mobile移动计算、AI人工智能、Blockchain区块链、Cloud云计算、Data大数据、Edge边缘计乍一眼看上去眼花缭乱，给人无穷的学习压力，但其实，我想说，这七大技术全都是以分布式技术为基石的在全球经济增速趋缓的大背景下，与许多应用业务大量裁人形成鲜明对比的是，各大巨头的中间件团队、实验室等基础部门，依然在大规模地招兵买马。随着业务扩展，以及IMABCDE等新兴技术领域的布局，分布式技术人才已然成为巨头们争夺的焦点我认为，谁更好地掌握了分布式技术，谁就更容易在新一轮技术浪潮中获得主动。', 'article', 0, 3, '028a7457e1436360a6c405be3149da21', 0, 4, 100, 5, 0, '2022-03-10:11:57:24', '2022-03-10:11:57:24');
INSERT INTO `bbs_article` VALUES (51, '0现在什么技术最流行？', '有互联网大佬用IMABCDE这七个字母总结归纳了当今最流行的前沿技术，他们分别是IoT物联网、Mobile移动计算、AI人工智能、Blockchain区块链、Cloud云计算、Data大数据、Edge边缘计乍一眼看上去眼花缭乱，给人无穷的学习压力，但其实，我想说，这七大技术全都是以分布式技术为基石的在全球经济增速趋缓的大背景下，与许多应用业务大量裁人形成鲜明对比的是，各大巨头的中间件团队、实验室等基础部门，依然在大规模地招兵买马。随着业务扩展，以及IMABCDE等新兴技术领域的布局，分布式技术人才已然成为巨头们争夺的焦点我认为，谁更好地掌握了分布式技术，谁就更容易在新一轮技术浪潮中获得主动。', 'article', 0, 4, '028a7457e1436360a6c405be3149da21', 0, 5, 100, 5, 0, '2022-03-10:15:34:37', '2022-03-10:15:34:37');
INSERT INTO `bbs_article` VALUES (52, '1现在什么技术最流行？', '有互联网大佬用IMABCDE这七个字母总结归纳了当今最流行的前沿技术，他们分别是IoT物联网、Mobile移动计算、AI人工智能、Blockchain区块链、Cloud云计算、Data大数据、Edge边缘计乍一眼看上去眼花缭乱，给人无穷的学习压力，但其实，我想说，这七大技术全都是以分布式技术为基石的在全球经济增速趋缓的大背景下，与许多应用业务大量裁人形成鲜明对比的是，各大巨头的中间件团队、实验室等基础部门，依然在大规模地招兵买马。随着业务扩展，以及IMABCDE等新兴技术领域的布局，分布式技术人才已然成为巨头们争夺的焦点我认为，谁更好地掌握了分布式技术，谁就更容易在新一轮技术浪潮中获得主动。', 'article', 0, 4, '028a7457e1436360a6c405be3149da21', 0, 4, 100, 5, 0, '2022-03-10:15:34:37', '2022-03-10:15:34:37');
INSERT INTO `bbs_article` VALUES (53, '2现在什么技术最流行？', '有互联网大佬用IMABCDE这七个字母总结归纳了当今最流行的前沿技术，他们分别是IoT物联网、Mobile移动计算、AI人工智能、Blockchain区块链、Cloud云计算、Data大数据、Edge边缘计乍一眼看上去眼花缭乱，给人无穷的学习压力，但其实，我想说，这七大技术全都是以分布式技术为基石的在全球经济增速趋缓的大背景下，与许多应用业务大量裁人形成鲜明对比的是，各大巨头的中间件团队、实验室等基础部门，依然在大规模地招兵买马。随着业务扩展，以及IMABCDE等新兴技术领域的布局，分布式技术人才已然成为巨头们争夺的焦点我认为，谁更好地掌握了分布式技术，谁就更容易在新一轮技术浪潮中获得主动。', 'article', 0, 4, '028a7457e1436360a6c405be3149da21', 0, 4, 100, 5, 0, '2022-03-10:15:34:37', '2022-03-10:15:34:37');
INSERT INTO `bbs_article` VALUES (54, '3现在什么技术最流行？', '有互联网大佬用IMABCDE这七个字母总结归纳了当今最流行的前沿技术，他们分别是IoT物联网、Mobile移动计算、AI人工智能、Blockchain区块链、Cloud云计算、Data大数据、Edge边缘计乍一眼看上去眼花缭乱，给人无穷的学习压力，但其实，我想说，这七大技术全都是以分布式技术为基石的在全球经济增速趋缓的大背景下，与许多应用业务大量裁人形成鲜明对比的是，各大巨头的中间件团队、实验室等基础部门，依然在大规模地招兵买马。随着业务扩展，以及IMABCDE等新兴技术领域的布局，分布式技术人才已然成为巨头们争夺的焦点我认为，谁更好地掌握了分布式技术，谁就更容易在新一轮技术浪潮中获得主动。', 'article', 0, 4, '028a7457e1436360a6c405be3149da21', 0, 4, 100, 5, 0, '2022-03-10:15:34:37', '2022-03-10:15:34:37');
INSERT INTO `bbs_article` VALUES (55, '4现在什么技术最流行？', '有互联网大佬用IMABCDE这七个字母总结归纳了当今最流行的前沿技术，他们分别是IoT物联网、Mobile移动计算、AI人工智能、Blockchain区块链、Cloud云计算、Data大数据、Edge边缘计乍一眼看上去眼花缭乱，给人无穷的学习压力，但其实，我想说，这七大技术全都是以分布式技术为基石的在全球经济增速趋缓的大背景下，与许多应用业务大量裁人形成鲜明对比的是，各大巨头的中间件团队、实验室等基础部门，依然在大规模地招兵买马。随着业务扩展，以及IMABCDE等新兴技术领域的布局，分布式技术人才已然成为巨头们争夺的焦点我认为，谁更好地掌握了分布式技术，谁就更容易在新一轮技术浪潮中获得主动。', 'article', 0, 4, '028a7457e1436360a6c405be3149da21', 0, 4, 100, 5, 0, '2022-03-10:15:34:37', '2022-03-10:15:34:37');
INSERT INTO `bbs_article` VALUES (56, '0现在什么技术最流行？', '有互联网大佬用IMABCDE这七个字母总结归纳了当今最流行的前沿技术，他们分别是IoT物联网、Mobile移动计算、AI人工智能、Blockchain区块链、Cloud云计算、Data大数据、Edge边缘计乍一眼看上去眼花缭乱，给人无穷的学习压力，但其实，我想说，这七大技术全都是以分布式技术为基石的在全球经济增速趋缓的大背景下，与许多应用业务大量裁人形成鲜明对比的是，各大巨头的中间件团队、实验室等基础部门，依然在大规模地招兵买马。随着业务扩展，以及IMABCDE等新兴技术领域的布局，分布式技术人才已然成为巨头们争夺的焦点我认为，谁更好地掌握了分布式技术，谁就更容易在新一轮技术浪潮中获得主动。', 'answer', 0, 5, '028a7457e1436360a6c405be3149da21', 0, 4, 100, 5, 0, '2022-03-10:15:40:36', '2022-03-10:15:40:36');
INSERT INTO `bbs_article` VALUES (57, '1现在什么技术最流行？', '有互联网大佬用IMABCDE这七个字母总结归纳了当今最流行的前沿技术，他们分别是IoT物联网、Mobile移动计算、AI人工智能、Blockchain区块链、Cloud云计算、Data大数据、Edge边缘计乍一眼看上去眼花缭乱，给人无穷的学习压力，但其实，我想说，这七大技术全都是以分布式技术为基石的在全球经济增速趋缓的大背景下，与许多应用业务大量裁人形成鲜明对比的是，各大巨头的中间件团队、实验室等基础部门，依然在大规模地招兵买马。随着业务扩展，以及IMABCDE等新兴技术领域的布局，分布式技术人才已然成为巨头们争夺的焦点我认为，谁更好地掌握了分布式技术，谁就更容易在新一轮技术浪潮中获得主动。', 'answer', 0, 5, '028a7457e1436360a6c405be3149da21', 0, 4, 100, 5, 0, '2022-03-10:15:40:37', '2022-03-10:15:40:37');
INSERT INTO `bbs_article` VALUES (58, '2现在什么技术最流行？', '有互联网大佬用IMABCDE这七个字母总结归纳了当今最流行的前沿技术，他们分别是IoT物联网、Mobile移动计算、AI人工智能、Blockchain区块链、Cloud云计算、Data大数据、Edge边缘计乍一眼看上去眼花缭乱，给人无穷的学习压力，但其实，我想说，这七大技术全都是以分布式技术为基石的在全球经济增速趋缓的大背景下，与许多应用业务大量裁人形成鲜明对比的是，各大巨头的中间件团队、实验室等基础部门，依然在大规模地招兵买马。随着业务扩展，以及IMABCDE等新兴技术领域的布局，分布式技术人才已然成为巨头们争夺的焦点我认为，谁更好地掌握了分布式技术，谁就更容易在新一轮技术浪潮中获得主动。', 'answer', 0, 5, '028a7457e1436360a6c405be3149da21', 0, 4, 100, 5, 0, '2022-03-10:15:40:37', '2022-03-10:15:40:37');
INSERT INTO `bbs_article` VALUES (59, '3现在什么技术最流行？', '有互联网大佬用IMABCDE这七个字母总结归纳了当今最流行的前沿技术，他们分别是IoT物联网、Mobile移动计算、AI人工智能、Blockchain区块链、Cloud云计算、Data大数据、Edge边缘计乍一眼看上去眼花缭乱，给人无穷的学习压力，但其实，我想说，这七大技术全都是以分布式技术为基石的在全球经济增速趋缓的大背景下，与许多应用业务大量裁人形成鲜明对比的是，各大巨头的中间件团队、实验室等基础部门，依然在大规模地招兵买马。随着业务扩展，以及IMABCDE等新兴技术领域的布局，分布式技术人才已然成为巨头们争夺的焦点我认为，谁更好地掌握了分布式技术，谁就更容易在新一轮技术浪潮中获得主动。', 'answer', 0, 5, '028a7457e1436360a6c405be3149da21', 0, 4, 100, 5, 0, '2022-03-10:15:40:37', '2022-03-10:15:40:37');
INSERT INTO `bbs_article` VALUES (60, '4现在什么技术最流行？', '有互联网大佬用IMABCDE这七个字母总结归纳了当今最流行的前沿技术，他们分别是IoT物联网、Mobile移动计算、AI人工智能、Blockchain区块链、Cloud云计算、Data大数据、Edge边缘计乍一眼看上去眼花缭乱，给人无穷的学习压力，但其实，我想说，这七大技术全都是以分布式技术为基石的在全球经济增速趋缓的大背景下，与许多应用业务大量裁人形成鲜明对比的是，各大巨头的中间件团队、实验室等基础部门，依然在大规模地招兵买马。随着业务扩展，以及IMABCDE等新兴技术领域的布局，分布式技术人才已然成为巨头们争夺的焦点我认为，谁更好地掌握了分布式技术，谁就更容易在新一轮技术浪潮中获得主动。', 'answer', 0, 5, '028a7457e1436360a6c405be3149da21', 0, 4, 100, 5, 0, '2022-03-10:15:40:37', '2022-03-10:15:40:37');
INSERT INTO `bbs_article` VALUES (61, '0现在什么技术最流行？', '有互联网大佬用IMABCDE这七个字母总结归纳了当今最流行的前沿技术，他们分别是IoT物联网、Mobile移动计算、AI人工智能、Blockchain区块链、Cloud云计算、Data大数据、Edge边缘计乍一眼看上去眼花缭乱，给人无穷的学习压力，但其实，我想说，这七大技术全都是以分布式技术为基石的在全球经济增速趋缓的大背景下，与许多应用业务大量裁人形成鲜明对比的是，各大巨头的中间件团队、实验室等基础部门，依然在大规模地招兵买马。随着业务扩展，以及IMABCDE等新兴技术领域的布局，分布式技术人才已然成为巨头们争夺的焦点我认为，谁更好地掌握了分布式技术，谁就更容易在新一轮技术浪潮中获得主动。', 'answer', 0, 5, '028a7457e1436360a6c405be3149da21', 0, 4, 100, 5, 0, '2022-03-10:15:41:00', '2022-03-10:15:41:00');
INSERT INTO `bbs_article` VALUES (62, '1现在什么技术最流行？', '有互联网大佬用IMABCDE这七个字母总结归纳了当今最流行的前沿技术，他们分别是IoT物联网、Mobile移动计算、AI人工智能、Blockchain区块链、Cloud云计算、Data大数据、Edge边缘计乍一眼看上去眼花缭乱，给人无穷的学习压力，但其实，我想说，这七大技术全都是以分布式技术为基石的在全球经济增速趋缓的大背景下，与许多应用业务大量裁人形成鲜明对比的是，各大巨头的中间件团队、实验室等基础部门，依然在大规模地招兵买马。随着业务扩展，以及IMABCDE等新兴技术领域的布局，分布式技术人才已然成为巨头们争夺的焦点我认为，谁更好地掌握了分布式技术，谁就更容易在新一轮技术浪潮中获得主动。', 'answer', 0, 5, '028a7457e1436360a6c405be3149da21', 0, 5, 100, 5, 0, '2022-03-10:15:41:01', '2022-04-15:23:12:47');
INSERT INTO `bbs_article` VALUES (63, '2现在什么技术最流行？', '有互联网大佬用IMABCDE这七个字母总结归纳了当今最流行的前沿技术，他们分别是IoT物联网、Mobile移动计算、AI人工智能、Blockchain区块链、Cloud云计算、Data大数据、Edge边缘计乍一眼看上去眼花缭乱，给人无穷的学习压力，但其实，我想说，这七大技术全都是以分布式技术为基石的在全球经济增速趋缓的大背景下，与许多应用业务大量裁人形成鲜明对比的是，各大巨头的中间件团队、实验室等基础部门，依然在大规模地招兵买马。随着业务扩展，以及IMABCDE等新兴技术领域的布局，分布式技术人才已然成为巨头们争夺的焦点我认为，谁更好地掌握了分布式技术，谁就更容易在新一轮技术浪潮中获得主动。', 'answer', 0, 5, '028a7457e1436360a6c405be3149da21', 0, 4, 100, 5, 0, '2022-03-10:15:41:01', '2022-03-10:15:41:01');
INSERT INTO `bbs_article` VALUES (64, '3现在什么技术最流行？', '有互联网大佬用IMABCDE这七个字母总结归纳了当今最流行的前沿技术，他们分别是IoT物联网、Mobile移动计算、AI人工智能、Blockchain区块链、Cloud云计算、Data大数据、Edge边缘计乍一眼看上去眼花缭乱，给人无穷的学习压力，但其实，我想说，这七大技术全都是以分布式技术为基石的在全球经济增速趋缓的大背景下，与许多应用业务大量裁人形成鲜明对比的是，各大巨头的中间件团队、实验室等基础部门，依然在大规模地招兵买马。随着业务扩展，以及IMABCDE等新兴技术领域的布局，分布式技术人才已然成为巨头们争夺的焦点我认为，谁更好地掌握了分布式技术，谁就更容易在新一轮技术浪潮中获得主动。', 'answer', 0, 5, '028a7457e1436360a6c405be3149da21', 0, 4, 100, 5, 0, '2022-03-10:15:41:01', '2022-03-10:15:41:01');
INSERT INTO `bbs_article` VALUES (65, '4现在什么技术最流行？', '有互联网大佬用IMABCDE这七个字母总结归纳了当今最流行的前沿技术，他们分别是IoT物联网、Mobile移动计算、AI人工智能、Blockchain区块链、Cloud云计算、Data大数据、Edge边缘计乍一眼看上去眼花缭乱，给人无穷的学习压力，但其实，我想说，这七大技术全都是以分布式技术为基石的在全球经济增速趋缓的大背景下，与许多应用业务大量裁人形成鲜明对比的是，各大巨头的中间件团队、实验室等基础部门，依然在大规模地招兵买马。随着业务扩展，以及IMABCDE等新兴技术领域的布局，分布式技术人才已然成为巨头们争夺的焦点我认为，谁更好地掌握了分布式技术，谁就更容易在新一轮技术浪潮中获得主动。', 'answer', 0, 5, '028a7457e1436360a6c405be3149da21', 0, 6, 100, 5, 0, '2022-03-10:15:41:01', '2022-04-15:23:12:47');
INSERT INTO `bbs_article` VALUES (66, '0为什么为什么为什么', '为什么有互联网大佬用IMABCDE这七个字母总结归纳了当今最流行的前沿技术，他们分别是IoT物联网、Mobile移动计算、AI人工智能、Blockchain区块链、Cloud云计算、Data大数据、Edge边缘计乍一眼看上去眼花缭乱，给人无穷的学习压力，但其实，我想说，这七大技术全都是以分布式技术为基石的在全球经济增速趋缓的大背景下，与许多应用业务大量裁人形成鲜明对比的是，各大巨头的中间件团队、实验室等基础部门，依然在大规模地招兵买马。随着业务扩展，以及IMABCDE等新兴技术领域的布局，分布式技术人才已然成为巨头们争夺的焦点我认为，谁更好地掌握了分布式技术，谁就更容易在新一轮技术浪潮中获得主动。', 'answer', 0, 5, '028a7457e1436360a6c405be3149da21', 0, 200, 100, 5, 1, '2022-03-10:15:44:10', '2022-03-14:17:13:57');
INSERT INTO `bbs_article` VALUES (67, '1为什么为什么为什么', '为什么有互联网大佬用IMABCDE这七个字母总结归纳了当今最流行的前沿技术，他们分别是IoT物联网、Mobile移动计算、AI人工智能、Blockchain区块链、Cloud云计算、Data大数据、Edge边缘计乍一眼看上去眼花缭乱，给人无穷的学习压力，但其实，我想说，这七大技术全都是以分布式技术为基石的在全球经济增速趋缓的大背景下，与许多应用业务大量裁人形成鲜明对比的是，各大巨头的中间件团队、实验室等基础部门，依然在大规模地招兵买马。随着业务扩展，以及IMABCDE等新兴技术领域的布局，分布式技术人才已然成为巨头们争夺的焦点我认为，谁更好地掌握了分布式技术，谁就更容易在新一轮技术浪潮中获得主动。', 'answer', 1, 5, '028a7457e1436360a6c405be3149da21', 0, 6, 100, 5, 1, '2022-03-10:15:44:10', '2022-03-18:17:34:10');
INSERT INTO `bbs_article` VALUES (68, '2为什么为什么为什么', '为什么有互联网大佬用IMABCDE这七个字母总结归纳了当今最流行的前沿技术，他们分别是IoT物联网、Mobile移动计算、AI人工智能、Blockchain区块链、Cloud云计算、Data大数据、Edge边缘计乍一眼看上去眼花缭乱，给人无穷的学习压力，但其实，我想说，这七大技术全都是以分布式技术为基石的在全球经济增速趋缓的大背景下，与许多应用业务大量裁人形成鲜明对比的是，各大巨头的中间件团队、实验室等基础部门，依然在大规模地招兵买马。随着业务扩展，以及IMABCDE等新兴技术领域的布局，分布式技术人才已然成为巨头们争夺的焦点我认为，谁更好地掌握了分布式技术，谁就更容易在新一轮技术浪潮中获得主动。', 'answer', 0, 5, '028a7457e1436360a6c405be3149da21', 0, 8, 100, 5, 0, '2022-03-10:15:44:10', '2022-03-10:15:44:10');
INSERT INTO `bbs_article` VALUES (69, '3为什么为什么为什么', '为什么有互联网大佬用IMABCDE这七个字母总结归纳了当今最流行的前沿技术，他们分别是IoT物联网、Mobile移动计算、AI人工智能、Blockchain区块链、Cloud云计算、Data大数据、Edge边缘计乍一眼看上去眼花缭乱，给人无穷的学习压力，但其实，我想说，这七大技术全都是以分布式技术为基石的在全球经济增速趋缓的大背景下，与许多应用业务大量裁人形成鲜明对比的是，各大巨头的中间件团队、实验室等基础部门，依然在大规模地招兵买马。随着业务扩展，以及IMABCDE等新兴技术领域的布局，分布式技术人才已然成为巨头们争夺的焦点我认为，谁更好地掌握了分布式技术，谁就更容易在新一轮技术浪潮中获得主动。', 'answer', 0, 5, '028a7457e1436360a6c405be3149da21', 0, 5, 100, 5, 0, '2022-03-10:15:44:10', '2022-03-10:15:44:10');
INSERT INTO `bbs_article` VALUES (70, '4为什么为什么为什么', '为什么有互联网大佬用IMABCDE这七个字母总结归纳了当今最流行的前沿技术，他们分别是IoT物联网、Mobile移动计算、AI人工智能、Blockchain区块链、Cloud云计算、Data大数据、Edge边缘计乍一眼看上去眼花缭乱，给人无穷的学习压力，但其实，我想说，这七大技术全都是以分布式技术为基石的在全球经济增速趋缓的大背景下，与许多应用业务大量裁人形成鲜明对比的是，各大巨头的中间件团队、实验室等基础部门，依然在大规模地招兵买马。随着业务扩展，以及IMABCDE等新兴技术领域的布局，分布式技术人才已然成为巨头们争夺的焦点我认为，谁更好地掌握了分布式技术，谁就更容易在新一轮技术浪潮中获得主动。', 'answer', 0, 5, '028a7457e1436360a6c405be3149da21', 0, 4, 100, 5, 0, '2022-03-10:15:44:10', '2022-03-10:15:44:10');
INSERT INTO `bbs_article` VALUES (71, '5为什么为什么为什么', '为什么有互联网大佬用IMABCDE这七个字母总结归纳了当今最流行的前沿技术，他们分别是IoT物联网、Mobile移动计算、AI人工智能、Blockchain区块链、Cloud云计算、Data大数据、Edge边缘计乍一眼看上去眼花缭乱，给人无穷的学习压力，但其实，我想说，这七大技术全都是以分布式技术为基石的在全球经济增速趋缓的大背景下，与许多应用业务大量裁人形成鲜明对比的是，各大巨头的中间件团队、实验室等基础部门，依然在大规模地招兵买马。随着业务扩展，以及IMABCDE等新兴技术领域的布局，分布式技术人才已然成为巨头们争夺的焦点我认为，谁更好地掌握了分布式技术，谁就更容易在新一轮技术浪潮中获得主动。', 'answer', 0, 5, '028a7457e1436360a6c405be3149da21', 0, 4, 100, 5, 0, '2022-03-10:15:44:10', '2022-03-10:15:44:10');
INSERT INTO `bbs_article` VALUES (72, '6为什么为什么为什么', '为什么有互联网大佬用IMABCDE这七个字母总结归纳了当今最流行的前沿技术，他们分别是IoT物联网、Mobile移动计算、AI人工智能、Blockchain区块链、Cloud云计算、Data大数据、Edge边缘计乍一眼看上去眼花缭乱，给人无穷的学习压力，但其实，我想说，这七大技术全都是以分布式技术为基石的在全球经济增速趋缓的大背景下，与许多应用业务大量裁人形成鲜明对比的是，各大巨头的中间件团队、实验室等基础部门，依然在大规模地招兵买马。随着业务扩展，以及IMABCDE等新兴技术领域的布局，分布式技术人才已然成为巨头们争夺的焦点我认为，谁更好地掌握了分布式技术，谁就更容易在新一轮技术浪潮中获得主动。', 'answer', 0, 5, '028a7457e1436360a6c405be3149da21', 0, 6, 100, 5, 0, '2022-03-10:15:44:10', '2022-04-12:11:32:29');
INSERT INTO `bbs_article` VALUES (73, '7为什么为什么为什么', '为什么有互联网大佬用IMABCDE这七个字母总结归纳了当今最流行的前沿技术，他们分别是IoT物联网、Mobile移动计算、AI人工智能、Blockchain区块链、Cloud云计算、Data大数据、Edge边缘计乍一眼看上去眼花缭乱，给人无穷的学习压力，但其实，我想说，这七大技术全都是以分布式技术为基石的在全球经济增速趋缓的大背景下，与许多应用业务大量裁人形成鲜明对比的是，各大巨头的中间件团队、实验室等基础部门，依然在大规模地招兵买马。随着业务扩展，以及IMABCDE等新兴技术领域的布局，分布式技术人才已然成为巨头们争夺的焦点我认为，谁更好地掌握了分布式技术，谁就更容易在新一轮技术浪潮中获得主动。', 'answer', 0, 5, '028a7457e1436360a6c405be3149da21', 0, 4, 100, 5, 0, '2022-03-10:15:44:10', '2022-03-10:15:44:10');
INSERT INTO `bbs_article` VALUES (74, '8为什么为什么为什么', '为什么有互联网大佬用IMABCDE这七个字母总结归纳了当今最流行的前沿技术，他们分别是IoT物联网、Mobile移动计算、AI人工智能、Blockchain区块链、Cloud云计算、Data大数据、Edge边缘计乍一眼看上去眼花缭乱，给人无穷的学习压力，但其实，我想说，这七大技术全都是以分布式技术为基石的在全球经济增速趋缓的大背景下，与许多应用业务大量裁人形成鲜明对比的是，各大巨头的中间件团队、实验室等基础部门，依然在大规模地招兵买马。随着业务扩展，以及IMABCDE等新兴技术领域的布局，分布式技术人才已然成为巨头们争夺的焦点我认为，谁更好地掌握了分布式技术，谁就更容易在新一轮技术浪潮中获得主动。', 'answer', 0, 5, '028a7457e1436360a6c405be3149da21', 0, 4, 100, 5, 0, '2022-03-10:15:44:10', '2022-03-10:15:44:10');
INSERT INTO `bbs_article` VALUES (75, '9为什么为什么为什么', '为什么有互联网大佬用IMABCDE这七个字母总结归纳了当今最流行的前沿技术，他们分别是IoT物联网、Mobile移动计算、AI人工智能、Blockchain区块链、Cloud云计算、Data大数据、Edge边缘计乍一眼看上去眼花缭乱，给人无穷的学习压力，但其实，我想说，这七大技术全都是以分布式技术为基石的在全球经济增速趋缓的大背景下，与许多应用业务大量裁人形成鲜明对比的是，各大巨头的中间件团队、实验室等基础部门，依然在大规模地招兵买马。随着业务扩展，以及IMABCDE等新兴技术领域的布局，分布式技术人才已然成为巨头们争夺的焦点我认为，谁更好地掌握了分布式技术，谁就更容易在新一轮技术浪潮中获得主动。', 'answer', 0, 5, '028a7457e1436360a6c405be3149da21', 0, 4, 100, 5, 0, '2022-03-10:15:44:10', '2022-03-10:15:44:10');
INSERT INTO `bbs_article` VALUES (76, 'hhhhhhhhhhhhhhhhhhhhhh', '\n哈哈哈哈哈哈哈哈哈哈哈哈\n哈哈哈哈哈哈哈哈哈哈哈哈哈哈哈\n哈哈哈哈哈哈哈哈哈\n哈哈哈哈哈哈哈哈哈哈哈哈哈\n哈哈哈哈哈哈哈哈哈哈哈\n哈哈哈哈哈哈哈哈哈哈哈哈\n哈哈哈哈哈哈哈哈哈哈哈哈\n哈哈哈哈哈哈哈哈哈哈哈哈', 'article', 0, 1, '028a7457e1436360a6c405be3149da21', 0, 0, 0, 0, 1, '2022-03-11:18:25:59', '2022-03-14:17:06:43');
INSERT INTO `bbs_article` VALUES (77, '随着时间的发展，互联网的未来是怎么样的？', '# 互联网热\n1.第一点\n2.第二点水电费', 'article', 0, 1, '028a7457e1436360a6c405be3149da21', 0, 7, 1, 5, 0, '2022-03-12:14:26:14', '2022-04-12:11:32:29');
INSERT INTO `bbs_article` VALUES (78, '今天聊聊mybatisplus的使用', '# mybatisplus的使用\n1. 在企业中\n  我们周四\n2. 在学校中\n  哈哈哈哈', 'article', 0, 3, '62bf474b5af927d71833606203e98f73', 0, 13, 3, 11, 0, '2022-03-12:15:57:45', '2022-03-12:15:57:45');
INSERT INTO `bbs_article` VALUES (79, '哈哈哈哈哈哈哈哈哈哈哈哈哈', '我是哈哈哈哈哈哈哈哈哈哈哈哈哈\n', 'article', 1, 4, '028a7457e1436360a6c405be3149da21', 0, 0, 0, 0, 1, '2022-03-12:16:15:04', '2022-03-14:17:06:32');
INSERT INTO `bbs_article` VALUES (80, '一文入门rollup🪀！13组demo带你轻松驾驭', '📖阅读本文，你将:\n对 rollup 有初步认识，理解它的主要使用场景。\n跟随作者一一了解那些主流插件都能做什么。（官方文档的一句话简介太难以理解了）\n收获一系列（13组） demo 源码，可以 fork 下来肆意摆弄。\n前言、有了 webpack, 为啥还需要 rollup\n提到 rollup 它总是被提出来 webpack 进行比较，但真正使用过 rollup 的人却可以清晰地感受到，小巧轻便的它，真正的发力点和 webpack 并不相同：\n\nwebpack 的一个理念是“万物皆是模块”，在此理念下，webpack 具备强力的处理各类资源，构建 web应用 的能力，当前第 version 5.x 引入的“模块联邦”更是奠基了微应用时代的霸主地位。\n\nrollup.js 从一开始，就没有那样宏大的愿景，它描述自己是：“一个 JavaScript 模块打包器”。致力于“将小块的代码编译成大的复杂的代码”。\n\n哪怕它后续也具备了各种各样的插件，但这些插件实际上也只是这个“JavaScript 模块打包器”能力的一些补充。\n\n相比于 webpack，rollup.js的优势在于：\n\napi 简单，学习成本低。（这点难道不重要吗...webpack 学起来真的好难）\n因为专注构建出的代码体积更小。（rollup.js 的构建结果就是纯纯的 js，并不会被 __webpack_require__ 之类的代码增加代码量）\n热门工具 vite 采用了它当生产构建工具。（最近各大厂都在纷纷试水 vite 落地，不能不说是个机会吧？）\n如果你还不太清楚 rollup.js 构建出来的是什么，那倒也不妨先看看我之前的另一篇文章：《说不清rollup能输出哪6种格式😥差点被鄙视》\n\nok，闲言废语不多聊，让我们通过 13组demo 一一认识 rollup.js 生态里那些必不可少的核心插件，都有什么能力！', 'article', 0, 1, '028a7457e1436360a6c405be3149da21', 1, 116, 12, 11, 0, '2022-03-14:11:02:31', '2022-03-14:11:02:31');
INSERT INTO `bbs_article` VALUES (81, 'Dubbo服务接口的设计原则', '**Dubbo服务接口的设计原则**\n**1、接口粒度**\n1.1 服务接口尽可能大粒度，每个服务方法应代表一个功能，而不是某功能的一个步骤，否则将面临分布式事务问题，Dubbo暂未提供分布式事务支持。同时可以减少系统间的网络交互。\n\n1.2 服务接口建议以业务场景为单位划分，并对相近业务做抽象，防止接口数量爆炸。\n\n1.3 不建议使用过于抽象的通用接口，接口名称的定义应遵循望文生义原则，如：Map query(Map)，这样的接口没有明确语义，会给后期维护带来不便。\n\n**2、接口版本**\n2.1 每个接口都应定义版本号，为后续不兼容升级提供可能，如：<dubbo:service interface=\"com.XxService\" version=\"1.0\" />\n\n**3、接口兼容性**\n3.1 服务接口增加方法，或服务模型增加字段，可向后兼容；\n\n3.2 删除方法或删除字段，将不兼容，枚举类型新增字段也不兼容，需通过变更版本号升级。\n\n**4、异常处理**\n4.1 建议使用异常汇报错误，而不是返回错误码，异常信息能携带更多信息，以及语义更友好。\n\n4.2 如果担心性能问题，在必要时，可以通过override掉异常类的fillInStackTrace()方法为空方法，使其不拷贝栈信息。\n\n4.3 查询方法不建议抛出checked异常，否则调用方在查询时将过多的try...catch，并且不能进行有效处理。\n\n4.4 服务提供方不应将DAO或SQL等异常抛给消费方，应在服务实现中对消费方不关心的异常进行包装，否则可能出现消费方无法反序列化相应异常\n\n**5. 接口参数校验**\n5.1 设计接口时一定要保证输入参数校验通过，否则会给后续的生产者和消费方带来问题，花费大量的时间去定位\n\n**6、在Provider上尽量多配置Consumer端属性**\n6.1 作为服务的提供者，比服务使用方更清楚服务性能参数，如调用的超时时间，合理的重试次数，等等\n\n6.2 在Provider配置后，Consumer不配置则会使用Provider的配置值，即Provider配置可以作为Consumer的缺省值。否则，Consumer会使用Consumer端的全局设置，这对于Provider不可控的，并且往往是不合理的。\n\n6.3 Provider上尽量多配置Consumer端的属性，让Provider实现者一开始就思考Provider服务特点、服务质量的问题\n\n**7、服务接口设计与服务子系统划分过程相互优化**\n本文引自Dubbo 服务接口设计原则', 'article', 0, 1, '62bf474b5af927d71833606203e98f73', 0, 106, 2, 16, 0, '2022-03-17:14:44:55', '2022-03-17:14:44:55');
INSERT INTO `bbs_article` VALUES (82, '浅谈Nodejs中的流', '# 概述\n流（Stream）在NodeJs中是个十分基础的概念，很多基础模块都是基于流实现的，扮演着十分重要的角色。流是一个十分难以理解的概念，同时相关的文档又比较缺少，对于NodeJs初学者来说，理解流往往需要花很多时间理解，才能真正掌握这个概念，所幸的是，对于大部分NodeJs使用者来说，仅仅是用来开发Web应用，对流的不充分认识并不影响使用。但是，理解流能够对NodeJs中的其他模块有更好的理解，同时在某些情况下，使用流来处理数据会有更好的效果。\n\n考虑使用NodeJs处理以下这个场景：\n\n`使用http请求下载一个tar包，解压，并把解压后的文件上传tos中`\n\n没了解NodeJs的流之前，大家可能都会想到以下方案：\n\n把文件下载后解压到本地后，读取本地文件并把文件上传到Tos中\n\n以上方法其实有比较多的问题：\n\n效率很低，多了读写本地文件的io；\n\n容易造成用内存溢出；\n\n流其实能够很好解决像上述这类型的问题，如果大家能够用流的思维去思考，就能很好地解决这个问题。\n\n# 什么是流？\n# 流的理解\n以下是官方定义： 流（stream）是 Node.js 中处理流式数据的抽象接口 。\n\n官方这个定义其实有点难理解，这里的流其实可以分两个角度理解。\n\n对于一般开发者来说，流其实可以认为是一种数据集合，可以认为是跟数组一样，只需要关心获取（消费）以及写入（生产）数据就可以了。\n\n对于流开发者来说（使用stream模块创建一个新实例），关注的是如何实现这个抽象接口，通常需要关注两点，资源目标是什么以及如何操作数据。一旦确定资源目标之后，就需要根据流的状态以及资源目标的状态做相应的操作。\n\n流的类型\n流的类型有4种：\n\n可读流（Readable）\n\n可写流（Writable）\n\n双工流（Duplex）\n\n转换流 （Transform）\n\n其中可读流以及可写流是基础，理解这两个流之后，就比较容易裂解另外两个流了。\n\n可读流\n可读流是对提供数据的来源的一种抽象。\n\n可读流的实现\n所谓的实现可读流就是实现 _read 方法， _read 方法定义了从哪里用怎样的方式把数据push到缓冲池中，这里要注意的是，push的数据并不是直接给到消费者消费的，而是首先经过一个缓冲池，当缓冲池满了的时候（超出highWaterMark），会产生“背压”，调用push的时候返回false。\n\n\n```language\nclass MyReadable extends Readable {\n    /**\n     * @param size 指定读取的大小\n     */\n    _read(size?:number) {\n        const data = getDataFromSomeWhere();\n        // console.log(\'source:\'+data)\n       const res= this.push(data || null); \n       // res will be false if over highWaterMark\n       //  push a null data means  finished\n    }\n}\n\n```\n', 'article', 0, 3, '028a7457e1436360a6c405be3149da21', 1, 24, 0, 2, 0, '2022-04-25:00:55:47', '2022-04-25:15:37:52');
INSERT INTO `bbs_article` VALUES (83, '由浅到深的React合成事件', '# 前言\n最近在做一个功能，然后不小心踩到了 React 合成事件 的坑，好奇心的驱使，去看了 React 官网合成事件 的解释，这不看不知道，一看吓一跳...\nSyntheticEvent是个什么鬼？咋冒出来了个事件池？\n\n我就一个简单的需求功能，为什么能扯出这些鬼玩意？？\n\n我们先简单的来看一看我的需求功能是个啥???\n![](http://raugnkxn8.hn-bkt.clouddn.com/5esacfj29rx9pe0.png)\n# 导火线\n需要做一个弹窗打开/关闭 的功能，当点击 button 的时候打开，此时打开的情况下，点击弹窗 区域 外，就需要关闭。\n\n这简单嘛，直接在 button 上注册一个点击事件，同时在 document.body 注册一个点击事件，然后在 弹窗container 里阻止冒泡，很难嘛?\n```language\n`class FuckEvent extends React.PureComponent {\n  state = {\n    showBox: false\n  }\n  componentDidMount() {\n    document.body.addEventListener(\'click\', this.handleClickBody, false)\n  }\n  componentWillUnmount() {\n    document.body.removeEventListener(\'click\', this.handleClickBody, false)\n  }\n  handleClickBody = () => {\n    this.setState({\n      showBox: false\n    })\n  }\n  handleClickButton = () => {\n    this.setState({\n      showBox: true\n    })\n  }\n  render() {\n    return (\n      <div>\n        <button onClick={this.handleClickButton}>点击我显示弹窗</button>\n\n        {this.state.showBox && (\n          <div onClick={e => e.stopPropagation()}>我是弹窗</div>\n        )}\n      </div>\n    )\n  }\n}`\n```\n', 'article', 0, 3, '028a7457e1436360a6c405be3149da21', 0, 61, 1, 1, 0, '2022-05-08:13:49:01', '2022-05-08:13:49:01');
INSERT INTO `bbs_article` VALUES (84, 'JavaScript trim函数大赏', 'W3C那帮人的脑袋被驴踢了，直到javascript1.8.1才支持trim函数（与trimLeft，trimRight），可惜现在只有firefox3.5支持。由于去除字符串两边的空白实在太常用，各大类库都有它的影子。加之，外国人都很有研究精神，搞鼓了相当多实现。\n# 实现1\n```language\n  String.prototype.trim = function() {\n    return this.replace(/^\\\\s\\\\s\\*/, \'\').replace(/\\\\s\\\\s\\*$/, \'\');\n  }\n```\n看起来不怎么样，动用了两次正则替换，实际速度非常惊人，主要得益于浏览器的内部优化。一个著名的例子字符串拼接，直接相加比用Array做成的StringBuffer还快。base2类库使用这种实现。\n\n# 实现2\n```language\n  String.prototype.trim = function() {\n    return this.replace(/^\\\\s+/, \'\').replace(/\\\\s+$/, \'\');\n  }\n\n```\n和实现1很相似，但稍慢一点，主要原因是它最先是假设至少存在一个空白符。Prototype.js使用这种实现，不过其名字为strip，因为Prototype的方法都是力求与Ruby同名。\n', 'article', 0, 3, '028a7457e1436360a6c405be3149da21', 1, 30, 2, 8, 0, '2022-05-17:17:18:52', '2022-05-17:17:19:18');
INSERT INTO `bbs_article` VALUES (85, '首页浏览量是实时的，实现思路是什么呢', '# 前提\n1、首页有帖子列表，通过分页查询得到帖子列表。\n2、具体某一个帖子详情，也可以通过id查到详情。\n\n现在redis缓存这两个数据了，cache key 就比如是 GetByList:0:40和GetById：123\n\n当有一个Get请求的时候，我在PostController 的 Get方法中可以拿到帖子缓存，然后反序列化后浏览量加1或者缓存是redis hash 类型直接increment\n就能实现文章详情的浏览量实时更新，那么首页的帖子列表中的怎么办呢？\n**developer.pub 首页浏览量是实时的，实现思路是什么呢？**\n我也看了源码，但是没有看到具体实现，在帖子被浏览时，触发了一个被浏览的事件，但是事件处理在哪里？即使在这里处理，也能只能处理GetById：123这个缓存，首页的列表中的怎么办呢？\n![](http://raugnkxn8.hn-bkt.clouddn.com/02hh409LB909.png)\n', 'answer', 0, 1, 'b209328f67e768635cc1107f31724aeb', 0, 3, 0, 0, 0, '2022-05-19:16:51:31', '2022-05-19:16:51:31');
INSERT INTO `bbs_article` VALUES (86, '一文搞懂V8引擎的垃圾回收', '# 引言\n作为目前最流行的JavaScript引擎，V8引擎从出现的那一刻起便广泛受到人们的关注，我们知道，JavaScript可以高效地运行在浏览器和Nodejs这两大宿主环境中，也是因为背后有强大的V8引擎在为其保驾护航，甚至成就了Chrome在浏览器中的霸主地位。不得不说，V8引擎为了追求极致的性能和更好的用户体验，为我们做了太多太多，从原始的Full-codegen和Crankshaft编译器升级为Ignition解释器和TurboFan编译器的强强组合，到隐藏类，内联缓存和HotSpot热点代码收集等一系列强有力的优化策略，V8引擎正在努力降低整体的内存占用和提升到更高的运行性能。\n\n本篇主要是从V8引擎的垃圾回收机制入手，讲解一下在JavaScript代码执行的整个生命周期中V8引擎是采取怎样的垃圾回收策略来减少内存占比的，当然这部分的知识并不太影响我们写代码的流程，毕竟在一般情况下我们很少会遇到浏览器端出现内存溢出而导致程序崩溃的情况，但是至少我们对这方面有一定的了解之后，能增强我们在写代码过程中对减少内存占用，避免内存泄漏的主观意识，也许能够帮助你写出更加健壮和对V8引擎更加友好的代码。本文也是笔者在查阅资料巩固复习的过程中慢慢总结和整理出来的，若文中有错误的地方，还请指正。\n# 1、为何需要垃圾回收\n我们知道，在V8引擎逐行执行JavaScript代码的过程中，当遇到函数的情况时，会为其创建一个函数执行上下文(Context)环境并添加到调用堆栈的栈顶，函数的作用域(handleScope)中包含了该函数中声明的所有变量，当该函数执行完毕后，对应的执行上下文从栈顶弹出，函数的作用域会随之销毁，其包含的所有变量也会统一释放并被自动回收。试想如果在这个作用域被销毁的过程中，其中的变量不被回收，即持久占用内存，那么必然会导致内存暴增，从而引发内存泄漏导致程序的性能直线下降甚至崩溃，因此内存在使用完毕之后理当归还给操作系统以保证内存的重复利用。\n> 这个过程就好比你向亲戚朋友借钱，借得多了却不按时归还，那么你再下次借钱的时候肯定没有那么顺利了，或者说你的亲戚朋友不愿意再借你了，导致你的手头有点儿紧(内存泄漏，性能下降)，所以说有借有还，再借不难嘛，毕竟出来混都是要还的。\n', 'article', 0, 1, '028a7457e1436360a6c405be3149da21', 0, 2, 0, 0, 0, '2022-05-19:17:17:23', '2022-05-19:17:17:23');
INSERT INTO `bbs_article` VALUES (87, '引擎的内存限制的说法', '但是JavaScript作为一门高级编程语言，并不像C语言或C++语言中需要手动地申请分配和释放内存，V8引擎已经帮我们自动进行了内存的分配和，好让我们有更多的精力去专注于业务层面的复杂逻辑，这对于我们前端开发人员来说是一项福利，但是随之带来的问题也是显而易见的，那就是由于不用去手动内存，导致写代码的过程中不够严谨从而容易引发内存泄漏(毕竟这是别人对你的好，你没有付出过，又怎能体会得到？)。\n# 2、V8引擎的内存限制TMD', 'article', 2, 1, '028a7457e1436360a6c405be3149da21', 0, 1, 0, 0, 0, '2022-05-19:17:20:21', '2022-05-19:17:20:21');
INSERT INTO `bbs_article` VALUES (88, '首页浏览量是实时的，实现思路是什么呢', '**前提**\n1、首页有帖子列表，通过分页查询得到帖子列表。\n2、具体某一个帖子详情，也可以通过id查到详情。\n\n现在redis缓存这两个数据了，cache key 就比如是 `GetByList:0:40`和`GetById：123\n`\n当有一个Get请求的时候，我在PostController 的 Get方法中可以拿到帖子缓存，然后反序列化后浏览量加1或者缓存是redis hash 类型直接increment\n就能实现文章详情的浏览量实时更新，那么首页的帖子列表中的怎么办呢？\n\n<u>developer.pub 首页浏览量是实时的，实现思路是什么呢？</u>\n\n我也看了源码，但是没有看到具体实现，在帖子被浏览时，触发了一个被浏览的事件，但是事件处理在哪里？即使在这里处理，也能只能处理`GetById：123`这个缓存，首页的列表中的怎么办呢？\n\n#### 求思路 -.-', 'answer', 0, 1, '028a7457e1436360a6c405be3149da21', 0, 0, 0, 0, 0, '2022-05-20:23:38:16', '2022-05-20:23:38:16');
INSERT INTO `bbs_article` VALUES (89, '由浅到深的React合成事件', '📢 文章首发博客: 阿宽的博客\n\n💕 温馨提示: 下边是对React合成事件的源码阅读，全文有点长，但是！如果你真的想知道这不为人知的背后内幕，那一定要耐心看下去！\n最近在做一个功能，然后`不小心`踩到了 **React 合成事件** 的坑，好奇心的驱使，去看了 <u>React 官网合成事件</u> 的解释，这不看不知道，一看吓一跳...\n\n**SyntheticEvent**是个什么鬼？咋冒出来了个**事件池**？\n\n我就一个简单的需求功能，为什么能扯出这些鬼玩意？？\n\n我们先简单的来看一看我的需求功能是个啥???\n#### 导火线\n需要做一个弹窗`打开/关闭` 的功能，当点击 `button` 的时候打开，此时打开的情况下，点击弹窗 `区域` 外，就需要关闭。\n\n这简单嘛，直接在 `button` 上注册一个点击事件，同时在 `document.body` 注册一个点击事件，然后在 `弹窗container` 里阻止冒泡，很难嘛?\n```language\nclass FuckEvent extends React.PureComponent {\n  state = {\n    showBox: false\n  }\n  componentDidMount() {\n    document.body.addEventListener(\'click\', this.handleClickBody, false)\n  }\n  componentWillUnmount() {\n    document.body.removeEventListener(\'click\', this.handleClickBody, false)\n  }\n  handleClickBody = () => {\n    this.setState({\n      showBox: false\n    })\n  }\n  handleClickButton = () => {\n    this.setState({\n      showBox: true\n    })\n  }\n\n  render() {\n    return (\n      <div>\n        <button onClick={this.handleClickButton}>点击我显示弹窗</button>\n\n        {this.state.showBox && (\n          <div onClick={e => e.stopPropagation()}>我是弹窗</div>\n        )}\n      </div>\n    )\n  }\n}\n```\n很简单嘛，很开心的点击了弹窗区域....\n\n于是...**我没了**...点击弹窗区域，弹窗也被关闭了。。。what the f**k ?????? 难道冒泡没有用 ?\n\n带着这个问题，我走上了`不归之路`...\n', 'article', 0, 3, '028a7457e1436360a6c405be3149da21', 0, 3, 0, 1, 0, '2022-05-20:23:44:15', '2022-05-20:23:44:15');
INSERT INTO `bbs_article` VALUES (90, 'Get和Post请求区别和使用场景TMD', '# GET和POST是什么？\n答：HTTP协议中的两种发送请求的方法。\n\n# HTTP是什么？\n答：HTTP是基于TCP/IP的关于数据如何在万维网中如何通信的协议。\n\n# Get请求和Post请求区别：\n（1）post更安全（不会作为url的一部分，不会被缓存、保存在服务器日志、以及浏览器浏览记录中）\n（2）post发送的数据更大（get有url长度限制）\n（3）post能发送更多的数据类型（get只能发送ASCII字符）\n（4）post比get慢\n（5）post用于修改和写入数据，get一般用于搜索排序和筛选之类的操作（淘宝，支付宝的搜索查询都是get提交），目的是资源的获取，读取数据.\n\n总结：GET把参数包含在URL中，POST通过request body传递参数，所以Post更加安全一些；Get的效率比Post高一些，但是Get请求发送的参数是有限的，而Post请求是没有限制的(理论上来讲)。', 'article', 0, 1, '028a7457e1436360a6c405be3149da21', 0, 4, 0, 0, 0, '2022-05-21:10:42:39', '2022-05-21:10:45:55');

-- ----------------------------
-- Table structure for bbs_article_type
-- ----------------------------
DROP TABLE IF EXISTS `bbs_article_type`;
CREATE TABLE `bbs_article_type`  (
  `id` int(10) NOT NULL AUTO_INCREMENT,
  `type` varchar(255) CHARACTER SET utf8 COLLATE utf8_general_ci NOT NULL,
  `status` int(10) NOT NULL,
  `is_delete` int(10) NOT NULL,
  `creator_id` varchar(255) CHARACTER SET utf8 COLLATE utf8_general_ci NOT NULL,
  `create_time` varchar(255) CHARACTER SET utf8 COLLATE utf8_general_ci NOT NULL,
  `update_time` varchar(255) CHARACTER SET utf8 COLLATE utf8_general_ci NOT NULL,
  PRIMARY KEY (`id`) USING BTREE
) ENGINE = InnoDB AUTO_INCREMENT = 6 CHARACTER SET = utf8 COLLATE = utf8_general_ci ROW_FORMAT = Dynamic;

-- ----------------------------
-- Records of bbs_article_type
-- ----------------------------
INSERT INTO `bbs_article_type` VALUES (1, '后端', 0, 0, '028a7457e1436360a6c405be3149da21', '0', '0');
INSERT INTO `bbs_article_type` VALUES (2, '推荐', 1, 0, '028a7457e1436360a6c405be3149da21', '0', '0');
INSERT INTO `bbs_article_type` VALUES (3, '前端', 0, 0, '028a7457e1436360a6c405be3149da21', '0', '0');
INSERT INTO `bbs_article_type` VALUES (4, '产品', 0, 0, '028a7457e1436360a6c405be3149da21', '0', '0');
INSERT INTO `bbs_article_type` VALUES (5, '测试', 0, 0, '028a7457e1436360a6c405be3149da21', '0', '0');

-- ----------------------------
-- Table structure for bbs_child_comment
-- ----------------------------
DROP TABLE IF EXISTS `bbs_child_comment`;
CREATE TABLE `bbs_child_comment`  (
  `id` int(10) NOT NULL AUTO_INCREMENT,
  `article_id` int(10) NOT NULL,
  `parent_id` varchar(255) CHARACTER SET utf8mb4 COLLATE utf8mb4_general_ci NOT NULL,
  `reply_id` varchar(255) CHARACTER SET utf8mb4 COLLATE utf8mb4_general_ci NOT NULL,
  `reply_email` varchar(255) CHARACTER SET utf8mb4 COLLATE utf8mb4_general_ci NOT NULL,
  `reply_nick_name` varchar(255) CHARACTER SET utf8mb4 COLLATE utf8mb4_general_ci NULL DEFAULT NULL,
  `reply_avatar` varchar(255) CHARACTER SET utf8mb4 COLLATE utf8mb4_general_ci NOT NULL,
  `reply_reply_id` varchar(255) CHARACTER SET utf8mb4 COLLATE utf8mb4_general_ci NULL DEFAULT NULL,
  `reply_reply_nick_name` varchar(255) CHARACTER SET utf8mb4 COLLATE utf8mb4_general_ci NULL DEFAULT NULL,
  `reply_reply_email` varchar(255) CHARACTER SET utf8mb4 COLLATE utf8mb4_general_ci NULL DEFAULT NULL,
  `reply_reply_avatar` varchar(255) CHARACTER SET utf8mb4 COLLATE utf8mb4_general_ci NULL DEFAULT NULL,
  `content` varchar(1000) CHARACTER SET utf8mb4 COLLATE utf8mb4_general_ci NOT NULL,
  `create_time` varchar(255) CHARACTER SET utf8mb4 COLLATE utf8mb4_general_ci NOT NULL,
  `update_time` varchar(255) CHARACTER SET utf8mb4 COLLATE utf8mb4_general_ci NOT NULL,
  PRIMARY KEY (`id`) USING BTREE
) ENGINE = InnoDB AUTO_INCREMENT = 2112606210 CHARACTER SET = utf8mb4 COLLATE = utf8mb4_general_ci ROW_FORMAT = Dynamic;

-- ----------------------------
-- Records of bbs_child_comment
-- ----------------------------
INSERT INTO `bbs_child_comment` VALUES (-2043953151, 78, '-441724927', '62bf474b5af927d71833606203e98f73', '1532664251@qq.com', NULL, 'https://cube.elemecdn.com/0/88/03b0d39583f48206768a7534e55bcpng.png', '', NULL, '', '', '你是傻子吗', '2022-03-17:14:38:37', '2022-03-17:14:38:37');
INSERT INTO `bbs_child_comment` VALUES (-1859444734, 81, '-718581758', '028a7457e1436360a6c405be3149da21', '2240581781@qq.com', '黑夜呜呜\r\n', 'http://raugnkxn8.hn-bkt.clouddn.com/9XC1348wh9BDFE.png', '62bf474b5af927d71833606203e98f73', NULL, '1532664251@qq.com', 'https://cube.elemecdn.com/0/88/03b0d39583f48206768a7534e55bcpng.png', '你个哈哈哈哈', '2022-03-18:23:29:19', '2022-03-18:23:29:19');
INSERT INTO `bbs_child_comment` VALUES (-1834352639, 78, '-2064920575', '62bf474b5af927d71833606203e98f73', '1532664251@qq.com', NULL, 'https://cube.elemecdn.com/0/88/03b0d39583f48206768a7534e55bcpng.png', '028a7457e1436360a6c405be3149da21', '黑夜呜呜', '2240581781@qq.com', 'https://tva1.sinaimg.cn/large/9bd9b167gy1g1p9piidd3j20b40b4jrq.jpg', '哈哈哈哈哈', '2022-03-18:09:48:30', '2022-03-18:09:48:30');
INSERT INTO `bbs_child_comment` VALUES (-1832202238, 84, '1460396035', '028a7457e1436360a6c405be3149da21', '2240581781@qq.com', '黑夜呜呜', 'http://raugnkxn8.hn-bkt.clouddn.com/9XC1348wh9BDFE.png', '', NULL, '', '', '你笑个啥', '2022-05-19:16:21:17', '2022-05-19:16:21:17');
INSERT INTO `bbs_child_comment` VALUES (-1536557054, 78, '-873738238', '62bf474b5af927d71833606203e98f73', '1532664251@qq.com', NULL, 'https://cube.elemecdn.com/0/88/03b0d39583f48206768a7534e55bcpng.png', '', NULL, '', '', '哈哈哈哈哈', '2022-03-18:09:52:23', '2022-03-18:09:52:23');
INSERT INTO `bbs_child_comment` VALUES (-1465237503, 78, '-324288510', '028a7457e1436360a6c405be3149da21', '2240581781@qq.com', '', 'img/avatar.jpg', '', NULL, '', '', '您好呀', '2022-03-22:23:41:11', '2022-03-22:23:41:11');
INSERT INTO `bbs_child_comment` VALUES (-1431687166, 81, '1852538882', '62bf474b5af927d71833606203e98f73', '1532664251@qq.com', '蓝天白云', 'http://raugnkxn8.hn-bkt.clouddn.com/vx06IQQV6zm805.png', '62bf474b5af927d71833606203e98f73', NULL, '1532664251@qq.com', 'http://r96fki2to.hn-bkt.clouddn.com/nw02VTNZ89VBZIvi.png', '我是一个傻瓜', '2022-04-01:16:50:08', '2022-04-01:16:50:08');
INSERT INTO `bbs_child_comment` VALUES (-1391800319, 84, '1345052673', 'b209328f67e768635cc1107f31724aeb', '1138737951@qq.com', '天下无贼', 'http://raugnkxn8.hn-bkt.clouddn.com/0ct06QP25PIpf7.png', '', NULL, '', '', '您好', '2022-05-19:14:42:16', '2022-05-19:14:42:16');
INSERT INTO `bbs_child_comment` VALUES (-630587391, 78, '-2064920575', '62bf474b5af927d71833606203e98f73', '1532664251@qq.com', NULL, 'https://cube.elemecdn.com/0/88/03b0d39583f48206768a7534e55bcpng.png', '028a7457e1436360a6c405be3149da21', '黑夜呜呜\r\n', '2240581781@qq.com', 'https://tva1.sinaimg.cn/large/9bd9b167gy1g1p9piidd3j20b40b4jrq.jpg', '哈哈哈哈', '2022-03-18:09:55:53', '2022-03-18:09:55:53');
INSERT INTO `bbs_child_comment` VALUES (-592826366, 81, '1852538882', '62bf474b5af927d71833606203e98f73', '1532664251@qq.com', '蓝天白云', 'http://raugnkxn8.hn-bkt.clouddn.com/vx06IQQV6zm805.png', '', NULL, '', '', '你是谁', '2022-04-01:16:40:39', '2022-04-01:16:40:39');
INSERT INTO `bbs_child_comment` VALUES (-550797310, 81, '963334145', '62bf474b5af927d71833606203e98f73', '1532664251@qq.com', '蓝天白云', 'http://r96fki2to.hn-http://raugnkxn8.hn-bkt.clouddn.com/vx06IQQV6zm805.png', '', NULL, '', '', '哈哈哈哈', '2022-04-01:16:26:43', '2022-04-01:16:26:43');
INSERT INTO `bbs_child_comment` VALUES (-387219454, 81, '-718581758', '62bf474b5af927d71833606203e98f73', '1532664251@qq.com', NULL, 'https://cube.elemecdn.com/0/88/03b0d39583f48206768a7534e55bcpng.png', '', NULL, '', '', '哈哈哈哈', '2022-03-18:09:59:51', '2022-03-18:09:59:51');
INSERT INTO `bbs_child_comment` VALUES (-378810366, 78, '-2064920575', '028a7457e1436360a6c405be3149da21', '2240581781@qq.com', '黑夜呜呜\r\n', 'http://raugnkxn8.hn-bkt.clouddn.com/9XC1348wh9BDFE.png', '028a7457e1436360a6c405be3149da21', '黑夜呜呜\r\n', '2240581781@qq.com', 'https://tva1.sinaimg.cn/large/9bd9b167gy1g1p9piidd3j20b40b4jrq.jpg', '我觉得可以！你懂不懂啊', '2022-03-15:16:15:39', '2022-03-15:16:15:39');
INSERT INTO `bbs_child_comment` VALUES (-372584447, 84, '1345052673', '028a7457e1436360a6c405be3149da21', '2240581781@qq.com', '黑夜呜呜', 'http://raugnkxn8.hn-bkt.clouddn.com/9XC1348wh9BDFE.png', 'b209328f67e768635cc1107f31724aeb', '天下无贼', '1138737951@qq.com', 'https://cube.elemecdn.com/0/88/03b0d39583f48206768a7534e55bcpng.png', '怎么了', '2022-05-19:14:42:51', '2022-05-19:14:42:51');
INSERT INTO `bbs_child_comment` VALUES (-301281278, 84, '1460396035', '028a7457e1436360a6c405be3149da21', '2240581781@qq.com', '黑夜呜呜', 'http://raugnkxn8.hn-bkt.clouddn.com/9XC1348wh9BDFE.png', '028a7457e1436360a6c405be3149da21', '黑夜呜呜', '2240581781@qq.com', 'http://raugnkxn8.hn-bkt.clouddn.com/9XC1348wh9BDFE.png', '我笑你是傻瓜', '2022-05-19:16:21:53', '2022-05-19:16:21:53');
INSERT INTO `bbs_child_comment` VALUES (-139735039, 78, '-873738238', '028a7457e1436360a6c405be3149da21', '2240581781@qq.com', '黑夜呜呜\r\n', 'http://raugnkxn8.hn-bkt.clouddn.com/9XC1348wh9BDFE.png', '', NULL, '', '', '楼主说的对', '2022-03-15:16:13:04', '2022-03-15:16:13:04');
INSERT INTO `bbs_child_comment` VALUES (-60096511, 81, '-718581758', '62bf474b5af927d71833606203e98f73', '1532664251@qq.com', NULL, 'https://cube.elemecdn.com/0/88/03b0d39583f48206768a7534e55bcpng.png', '', NULL, '', '', '不错不错不错', '2022-03-18:10:04:25', '2022-03-18:10:04:25');
INSERT INTO `bbs_child_comment` VALUES (-30679039, 80, '-1083465726', 'b209328f67e768635cc1107f31724aeb', '1138737951@qq.com', '天下无贼', 'http://raugnkxn8.hn-bkt.clouddn.com/0ct06QP25PIpf7.png', '', NULL, '', '', '您好呀', '2022-03-18:22:22:52', '2022-03-18:22:22:52');
INSERT INTO `bbs_child_comment` VALUES (1, 80, '1', '62bf474b5af927d71833606203e98f73', '1532664251@qq.com', NULL, 'https://cube.elemecdn.com/0/88/03b0d39583f48206768a7534e55bcpng.png', NULL, NULL, NULL, NULL, '是的嗯嗯嗯', '2022-03-08:17:28:46', '2022');
INSERT INTO `bbs_child_comment` VALUES (837447681, 80, '1361776641', '62bf474b5af927d71833606203e98f73', '1532664251@qq.com', NULL, 'https://cube.elemecdn.com/0/88/03b0d39583f48206768a7534e55bcpng.png', '', NULL, '', '', '哈哈哈哈哈', '2022-03-18:16:50:28', '2022-03-18:16:50:28');
INSERT INTO `bbs_child_comment` VALUES (927649793, 84, '1345052673', '028a7457e1436360a6c405be3149da21', '2240581781@qq.com', '黑夜呜呜', 'http://raugnkxn8.hn-bkt.clouddn.com/9XC1348wh9BDFE.png', '028a7457e1436360a6c405be3149da21', '黑夜呜呜', '2240581781@qq.com', 'http://raugnkxn8.hn-bkt.clouddn.com/9XC1348wh9BDFE.png', 'hhhhhh', '2022-05-19:16:29:46', '2022-05-19:16:29:46');
INSERT INTO `bbs_child_comment` VALUES (946597890, 80, '1', '028a7457e1436360a6c405be3149da21', '2240581781@qq.com', '黑夜呜呜\r\n', 'http://raugnkxn8.hn-bkt.clouddn.com/9XC1348wh9BDFE.png', '62bf474b5af927d71833606203e98f73', NULL, '1532664251@qq.com', 'https://cube.elemecdn.com/0/88/03b0d39583f48206768a7534e55bcpng.png', '可以加qq详细聊一下吗', '2022-03-15:15:20:16', '2022-03-15:15:20:16');
INSERT INTO `bbs_child_comment` VALUES (1097465858, 80, '-1083465726', '62bf474b5af927d71833606203e98f73', '1532664251@qq.com', NULL, 'https://cube.elemecdn.com/0/88/03b0d39583f48206768a7534e55bcpng.png', '', NULL, '', '', '哈哈哈哈哈', '2022-03-18:09:41:34', '2022-03-18:09:41:34');
INSERT INTO `bbs_child_comment` VALUES (1462489089, 78, '-873738238', '028a7457e1436360a6c405be3149da21', '2240581781@qq.com', '黑夜呜呜\r\n', 'http://raugnkxn8.hn-bkt.clouddn.com/9XC1348wh9BDFE.png', '028a7457e1436360a6c405be3149da21', '黑夜呜呜\r\n', '2240581781@qq.com', 'https://tva1.sinaimg.cn/large/9bd9b167gy1g1p9piidd3j20b40b4jrq.jpg', '我觉得他说的不对', '2022-03-15:16:13:37', '2022-03-15:16:13:37');
INSERT INTO `bbs_child_comment` VALUES (1718296578, 80, '1781207041', 'b209328f67e768635cc1107f31724aeb', '1138737951@qq.com', '天下无贼', 'http://raugnkxn8.hn-bkt.clouddn.com/0ct06QP25PIpf7.png', '', NULL, '', '', '你好', '2022-03-18:23:27:11', '2022-03-18:23:27:11');
INSERT INTO `bbs_child_comment` VALUES (1718321154, 81, '1852538882', '62bf474b5af927d71833606203e98f73', '1532664251@qq.com', '', 'http://r96fki2to.hn-bkt.clouddn.com/nw02VTNZ89VBZIvi.png', '', NULL, '', '', '嗯哼哼', '2022-04-01:16:23:17', '2022-04-01:16:23:17');
INSERT INTO `bbs_child_comment` VALUES (1844142082, 81, '-718581758', '62bf474b5af927d71833606203e98f73', '1532664251@qq.com', NULL, 'https://cube.elemecdn.com/0/88/03b0d39583f48206768a7534e55bcpng.png', '', NULL, '', '', 'test~', '2022-03-18:10:08:49', '2022-03-18:10:08:49');
INSERT INTO `bbs_child_comment` VALUES (2112606209, 78, '-2064920575', '028a7457e1436360a6c405be3149da21', '2240581781@qq.com', '黑夜呜呜\r\n', 'http://raugnkxn8.hn-bkt.clouddn.com/9XC1348wh9BDFE.png', '', NULL, '', '', '我觉得不行', '2022-03-15:16:15:26', '2022-03-15:16:15:26');

-- ----------------------------
-- Table structure for bbs_focus_author
-- ----------------------------
DROP TABLE IF EXISTS `bbs_focus_author`;
CREATE TABLE `bbs_focus_author`  (
  `id` int(10) NOT NULL AUTO_INCREMENT,
  `focus_id` varchar(255) CHARACTER SET utf8 COLLATE utf8_general_ci NOT NULL,
  `focused_id` varchar(255) CHARACTER SET utf8 COLLATE utf8_general_ci NOT NULL,
  `create_time` varchar(255) CHARACTER SET utf8 COLLATE utf8_general_ci NOT NULL,
  `update_time` varchar(255) CHARACTER SET utf8 COLLATE utf8_general_ci NOT NULL,
  PRIMARY KEY (`id`) USING BTREE
) ENGINE = InnoDB AUTO_INCREMENT = 42 CHARACTER SET = utf8 COLLATE = utf8_general_ci ROW_FORMAT = Dynamic;

-- ----------------------------
-- Records of bbs_focus_author
-- ----------------------------
INSERT INTO `bbs_focus_author` VALUES (2, '028a7457e1436360a6c405be3149da21', 'b209328f67e768635cc1107f31724aeb', '2022-03-14:17:31:15', '2022-03-14:17:31:15');
INSERT INTO `bbs_focus_author` VALUES (18, '028a7457e1436360a6c405be3149da21', '62bf474b5af927d71833606203e98f73', '2022-03-17:16:46:09', '2022-03-17:16:46:09');
INSERT INTO `bbs_focus_author` VALUES (39, 'b209328f67e768635cc1107f31724aeb', '028a7457e1436360a6c405be3149da21', '2022-03-18:23:27:33', '2022-03-18:23:27:33');
INSERT INTO `bbs_focus_author` VALUES (41, '62bf474b5af927d71833606203e98f73', '028a7457e1436360a6c405be3149da21', '2022-04-25:13:25:22', '2022-04-25:13:25:22');

-- ----------------------------
-- Table structure for bbs_message
-- ----------------------------
DROP TABLE IF EXISTS `bbs_message`;
CREATE TABLE `bbs_message`  (
  `id` int(50) NOT NULL,
  `ori_id` varchar(255) CHARACTER SET utf8mb4 COLLATE utf8mb4_general_ci NOT NULL,
  `des_id` varchar(255) CHARACTER SET utf8mb4 COLLATE utf8mb4_general_ci NOT NULL,
  `mes_type` int(10) NOT NULL,
  `content` varchar(1000) CHARACTER SET utf8mb4 COLLATE utf8mb4_general_ci NULL DEFAULT NULL,
  `is_delete` int(10) NOT NULL DEFAULT 0,
  `status` int(10) NOT NULL DEFAULT 0 COMMENT '0：用户消息，1：系统消息',
  `create_time` varchar(255) CHARACTER SET utf8mb4 COLLATE utf8mb4_general_ci NOT NULL,
  `update_time` varchar(255) CHARACTER SET utf8mb4 COLLATE utf8mb4_general_ci NOT NULL,
  PRIMARY KEY (`id`) USING BTREE
) ENGINE = InnoDB CHARACTER SET = utf8mb4 COLLATE = utf8mb4_general_ci ROW_FORMAT = Dynamic;

-- ----------------------------
-- Records of bbs_message
-- ----------------------------
INSERT INTO `bbs_message` VALUES (-2127831038, '028a7457e1436360a6c405be3149da21', '028a7457e1436360a6c405be3149da21', 1, '审核通过了你的文章', 0, 0, '2022-05-20:23:38:48', '2022-05-20:23:38:48');
INSERT INTO `bbs_message` VALUES (-2100674559, '028a7457e1436360a6c405be3149da21', '028a7457e1436360a6c405be3149da21', 1, '审核通过了你的文章', 0, 0, '2022-05-19:17:18:31', '2022-05-19:17:18:31');
INSERT INTO `bbs_message` VALUES (-2041954303, '028a7457e1436360a6c405be3149da21', '028a7457e1436360a6c405be3149da21', 1, '审核通过了你的文章', 0, 1, '2022-05-18:11:57:57', '2022-05-18:11:57:57');
INSERT INTO `bbs_message` VALUES (-2016788479, '028a7457e1436360a6c405be3149da21', '028a7457e1436360a6c405be3149da21', 0, '评论了你', 0, 1, '2022-05-18:16:55:10', '2022-05-18:16:55:10');
INSERT INTO `bbs_message` VALUES (-1840590847, '028a7457e1436360a6c405be3149da21', '62bf474b5af927d71833606203e98f73', 0, '回复了你', 0, 0, '2022-05-19:16:21:17', '2022-05-19:16:21:17');
INSERT INTO `bbs_message` VALUES (-1792286719, '028a7457e1436360a6c405be3149da21', '028a7457e1436360a6c405be3149da21', 1, '审核通过了你的文章', 0, 0, '2022-05-20:23:44:39', '2022-05-20:23:44:39');
INSERT INTO `bbs_message` VALUES (-1601552382, '028a7457e1436360a6c405be3149da21', '028a7457e1436360a6c405be3149da21', 0, '评论了你', 0, 1, '2022-05-18:16:57:15', '2022-05-18:16:57:15');
INSERT INTO `bbs_message` VALUES (-1446326270, 'b209328f67e768635cc1107f31724aeb', '028a7457e1436360a6c405be3149da21', 0, '回复了你', 0, 0, '2022-05-19:14:42:16', '2022-05-19:14:42:16');
INSERT INTO `bbs_message` VALUES (-389361663, '028a7457e1436360a6c405be3149da21', 'b209328f67e768635cc1107f31724aeb', 0, '回复了你', 0, 1, '2022-05-19:14:42:51', '2022-05-19:14:42:51');
INSERT INTO `bbs_message` VALUES (-359985151, '62bf474b5af927d71833606203e98f73', '62bf474b5af927d71833606203e98f73', 0, '评论了你', 0, 0, '2022-05-18:16:49:24', '2022-05-18:16:49:24');
INSERT INTO `bbs_message` VALUES (-334835710, '028a7457e1436360a6c405be3149da21', '028a7457e1436360a6c405be3149da21', 0, '回复了你', 0, 0, '2022-05-19:16:21:53', '2022-05-19:16:21:53');
INSERT INTO `bbs_message` VALUES (441180161, '028a7457e1436360a6c405be3149da21', '62bf474b5af927d71833606203e98f73', 0, '评论了你', 0, 0, '2022-05-18:16:30:07', '2022-05-18:16:30:07');
INSERT INTO `bbs_message` VALUES (906678273, '028a7457e1436360a6c405be3149da21', '028a7457e1436360a6c405be3149da21', 0, '回复了你', 0, 0, '2022-05-19:16:29:46', '2022-05-19:16:29:46');
INSERT INTO `bbs_message` VALUES (1149911041, '028a7457e1436360a6c405be3149da21', '028a7457e1436360a6c405be3149da21', 0, '评论了你', 0, 1, '2022-05-18:16:54:23', '2022-05-18:16:54:23');
INSERT INTO `bbs_message` VALUES (1215029249, '028a7457e1436360a6c405be3149da21', '028a7457e1436360a6c405be3149da21', 0, '评论了你', 0, 1, '2022-05-18:09:15:10', '2022-05-18:09:15:10');
INSERT INTO `bbs_message` VALUES (1261166594, '028a7457e1436360a6c405be3149da21', '028a7457e1436360a6c405be3149da21', 0, '评论了你', 0, 0, '2022-05-20:23:46:47', '2022-05-20:23:46:47');
INSERT INTO `bbs_message` VALUES (1311428610, '028a7457e1436360a6c405be3149da21', '028a7457e1436360a6c405be3149da21', 1, '审核通过了你的文章', 0, 0, '2022-05-21:10:47:14', '2022-05-21:10:47:14');
INSERT INTO `bbs_message` VALUES (1460396034, '62bf474b5af927d71833606203e98f73', '028a7457e1436360a6c405be3149da21', 0, '评论了你', 0, 1, '2022-05-18:16:43:07', '2022-05-18:16:43:07');
INSERT INTO `bbs_message` VALUES (1626009602, '028a7457e1436360a6c405be3149da21', '028a7457e1436360a6c405be3149da21', 1, '审核通过了你的文章', 0, 0, '2022-05-21:10:43:47', '2022-05-21:10:43:47');
INSERT INTO `bbs_message` VALUES (1674309633, '028a7457e1436360a6c405be3149da21', 'b209328f67e768635cc1107f31724aeb', 1, '审核通过了你的文章', 0, 0, '2022-05-19:16:51:45', '2022-05-19:16:51:45');
INSERT INTO `bbs_message` VALUES (1976188930, '028a7457e1436360a6c405be3149da21', '028a7457e1436360a6c405be3149da21', 1, '你的文章审核未通过', 0, 0, '2022-05-19:17:21:01', '2022-05-19:17:21:01');

-- ----------------------------
-- Table structure for bbs_notice
-- ----------------------------
DROP TABLE IF EXISTS `bbs_notice`;
CREATE TABLE `bbs_notice`  (
  `id` int(11) NOT NULL AUTO_INCREMENT,
  `title` varchar(1000) CHARACTER SET utf8mb4 COLLATE utf8mb4_general_ci NOT NULL,
  `content` longtext CHARACTER SET utf8mb4 COLLATE utf8mb4_general_ci NOT NULL,
  `creator_id` varchar(255) CHARACTER SET utf8mb4 COLLATE utf8mb4_general_ci NOT NULL,
  `is_delete` int(10) NOT NULL DEFAULT 0,
  `status` int(10) NOT NULL DEFAULT 0,
  `create_time` varchar(255) CHARACTER SET utf8mb4 COLLATE utf8mb4_bin NOT NULL,
  `update_time` varchar(255) CHARACTER SET utf8mb4 COLLATE utf8mb4_general_ci NOT NULL,
  PRIMARY KEY (`id`) USING BTREE
) ENGINE = InnoDB AUTO_INCREMENT = 4 CHARACTER SET = utf8mb4 COLLATE = utf8mb4_general_ci ROW_FORMAT = Dynamic;

-- ----------------------------
-- Records of bbs_notice
-- ----------------------------
INSERT INTO `bbs_notice` VALUES (2, 'No404系统的使用', '# 关于系统的构成\n* 系统的架构是springboot+vue\n* 系统是单模块构成', '028a7457e1436360a6c405be3149da21', 0, 0, '2022-04-13:11:42:31', '2022-05-07:23:55:45');
INSERT INTO `bbs_notice` VALUES (3, '关于系统的开发进度', '# 系统的整体功能\n* 登录功能\n* 发布文章\n* 消息通知', '028a7457e1436360a6c405be3149da21', 0, 0, '2022-05-07:23:59:38', '2022-05-07:23:59:38');

-- ----------------------------
-- Table structure for bbs_par_comment
-- ----------------------------
DROP TABLE IF EXISTS `bbs_par_comment`;
CREATE TABLE `bbs_par_comment`  (
  `id` int(10) NOT NULL AUTO_INCREMENT,
  `article_id` int(10) NOT NULL,
  `user_id` varchar(255) CHARACTER SET utf8mb4 COLLATE utf8mb4_general_ci NOT NULL,
  `user_email` varchar(255) CHARACTER SET utf8mb4 COLLATE utf8mb4_general_ci NOT NULL,
  `nick_name` varchar(255) CHARACTER SET utf8mb4 COLLATE utf8mb4_general_ci NULL DEFAULT NULL,
  `user_avatar` varchar(255) CHARACTER SET utf8mb4 COLLATE utf8mb4_general_ci NOT NULL,
  `content` varchar(5000) CHARACTER SET utf8mb4 COLLATE utf8mb4_general_ci NOT NULL,
  `create_time` varchar(50) CHARACTER SET utf8mb4 COLLATE utf8mb4_general_ci NOT NULL,
  `update_time` varchar(50) CHARACTER SET utf8mb4 COLLATE utf8mb4_general_ci NOT NULL,
  PRIMARY KEY (`id`) USING BTREE
) ENGINE = InnoDB AUTO_INCREMENT = 1865150468 CHARACTER SET = utf8mb4 COLLATE = utf8mb4_general_ci ROW_FORMAT = Dynamic;

-- ----------------------------
-- Records of bbs_par_comment
-- ----------------------------
INSERT INTO `bbs_par_comment` VALUES (-2064920575, 78, '028a7457e1436360a6c405be3149da21', '2240581781@qq.com', '黑夜呜呜\r\n', 'http://raugnkxn8.hn-bkt.clouddn.com/9XC1348wh9BDFE.png', '这个文章写的不错！', '2022-03-15:16:15:16', '2022-03-15:16:15:16');
INSERT INTO `bbs_par_comment` VALUES (-2016788478, 81, '028a7457e1436360a6c405be3149da21', '2240581781@qq.com', '黑夜呜呜', 'http://raugnkxn8.hn-bkt.clouddn.com/9XC1348wh9BDFE.png', '不错不错呀', '2022-05-18:16:55:10', '2022-05-18:16:55:10');
INSERT INTO `bbs_par_comment` VALUES (-1855225855, 82, '62bf474b5af927d71833606203e98f73', '1532664251@qq.com', '蓝天白云', 'http://raugnkxn8.hn-bkt.clouddn.com/vx06IQQV6zm805.png', 'test', '2022-04-25:12:06:30', '2022-04-25:12:06:30');
INSERT INTO `bbs_par_comment` VALUES (-1601552381, 81, '028a7457e1436360a6c405be3149da21', '2240581781@qq.com', '黑夜呜呜', 'http://raugnkxn8.hn-bkt.clouddn.com/9XC1348wh9BDFE.png', '可以的可以的', '2022-05-18:16:57:15', '2022-05-18:16:57:15');
INSERT INTO `bbs_par_comment` VALUES (-1486196735, 80, '62bf474b5af927d71833606203e98f73', '1532664251@qq.com', '', 'https://cube.elemecdn.com/0/88/03b0d39583f48206768a7534e55bcpng.png', '您好', '2022-03-18:09:39:28', '2022-03-18:09:39:28');
INSERT INTO `bbs_par_comment` VALUES (-1083465726, 80, '028a7457e1436360a6c405be3149da21', '2240581781@qq.com', '黑夜呜呜\r\n', 'http://raugnkxn8.hn-bkt.clouddn.com/9XC1348wh9BDFE.png', 'test~', '2022-03-15:16:33:47', '2022-03-15:16:33:47');
INSERT INTO `bbs_par_comment` VALUES (-1003880446, 80, '62bf474b5af927d71833606203e98f73', '1532664251@qq.com', '', 'https://cube.elemecdn.com/0/88/03b0d39583f48206768a7534e55bcpng.png', '你好！', '2022-03-18:09:41:12', '2022-03-18:09:41:12');
INSERT INTO `bbs_par_comment` VALUES (-873738238, 78, '028a7457e1436360a6c405be3149da21', '2240581781@qq.com', '黑夜呜呜\r\n', 'http://raugnkxn8.hn-bkt.clouddn.com/9XC1348wh9BDFE.png', '不错不错不错', '2022-03-15:16:07:10', '2022-03-15:16:07:10');
INSERT INTO `bbs_par_comment` VALUES (-718581758, 81, '028a7457e1436360a6c405be3149da21', '2240581781@qq.com', '黑夜呜呜\r\n', 'http://raugnkxn8.hn-bkt.clouddn.com/9XC1348wh9BDFE.png', '作者可以加qq详细了解一下吗？', '2022-03-17:14:49:49', '2022-03-17:14:49:49');
INSERT INTO `bbs_par_comment` VALUES (-441724927, 78, '028a7457e1436360a6c405be3149da21', '2240581781@qq.com', '黑夜呜呜\r\n', 'http://raugnkxn8.hn-bkt.clouddn.com/9XC1348wh9BDFE.png', '哈哈哈哈', '2022-03-15:16:13:46', '2022-03-15:16:13:46');
INSERT INTO `bbs_par_comment` VALUES (-324288510, 78, '62bf474b5af927d71833606203e98f73', '1532664251@qq.com', '', 'https://cube.elemecdn.com/0/88/03b0d39583f48206768a7534e55bcpng.png', '阿巴阿巴\n', '2022-03-17:14:38:52', '2022-03-17:14:38:52');
INSERT INTO `bbs_par_comment` VALUES (-292876286, 84, '62bf474b5af927d71833606203e98f73', '1532664251@qq.com', '蓝天白云', 'http://raugnkxn8.hn-bkt.clouddn.com/vx06IQQV6zm805.png', '嘿嘿嘿', '2022-05-18:16:49:24', '2022-05-18:16:49:24');
INSERT INTO `bbs_par_comment` VALUES (1, 80, '028a7457e1436360a6c405be3149da21', '2240581781@qq.com', '黑夜呜呜\r\n', 'http://raugnkxn8.hn-bkt.clouddn.com/9XC1348wh9BDFE.png', '这个文章不错', '2022-03-08:17:28:46', '2022');
INSERT INTO `bbs_par_comment` VALUES (508289026, 81, '028a7457e1436360a6c405be3149da21', '2240581781@qq.com', '黑夜呜呜', 'http://raugnkxn8.hn-bkt.clouddn.com/9XC1348wh9BDFE.png', '啊哈哈', '2022-05-18:16:30:07', '2022-05-18:16:30:07');
INSERT INTO `bbs_par_comment` VALUES (963334145, 81, '028a7457e1436360a6c405be3149da21', '2240581781@qq.com', '黑夜呜呜\r\n', 'http://raugnkxn8.hn-bkt.clouddn.com/9XC1348wh9BDFE.png', '写得不错呀！', '2022-03-17:14:47:53', '2022-03-17:14:47:53');
INSERT INTO `bbs_par_comment` VALUES (1043034114, 81, '028a7457e1436360a6c405be3149da21', '2240581781@qq.com', '黑夜呜呜', 'http://raugnkxn8.hn-bkt.clouddn.com/9XC1348wh9BDFE.png', '哈哈哈哈', '2022-04-14:10:42:13', '2022-04-14:10:42:13');
INSERT INTO `bbs_par_comment` VALUES (1217019906, 81, '028a7457e1436360a6c405be3149da21', '2240581781@qq.com', '黑夜呜呜', 'http://raugnkxn8.hn-bkt.clouddn.com/9XC1348wh9BDFE.png', '不错不错呀', '2022-05-18:16:54:23', '2022-05-18:16:54:23');
INSERT INTO `bbs_par_comment` VALUES (1261166595, 89, '028a7457e1436360a6c405be3149da21', '2240581781@qq.com', '黑夜呜呜', 'http://raugnkxn8.hn-bkt.clouddn.com/9XC1348wh9BDFE.png', '这里当 event.isPropagationStopped()为 true 时，中断合成事件的向上遍历执行，也就起到了和原生事件调用 stopPropagation 相同的效果 如果循环没有被中断，则继续执行 executeDispatch 方法，至于这个方法，源码地址献上: executeDispatch 源码地址', '2022-05-20:23:46:47', '2022-05-20:23:46:47');
INSERT INTO `bbs_par_comment` VALUES (1345052673, 84, '028a7457e1436360a6c405be3149da21', '2240581781@qq.com', '黑夜呜呜', 'http://raugnkxn8.hn-bkt.clouddn.com/9XC1348wh9BDFE.png', '不错不错！', '2022-05-18:09:15:10', '2022-05-18:09:15:10');
INSERT INTO `bbs_par_comment` VALUES (1361776641, 80, '028a7457e1436360a6c405be3149da21', '2240581781@qq.com', '黑夜呜呜\r\n', 'http://raugnkxn8.hn-bkt.clouddn.com/9XC1348wh9BDFE.png', '我是一个猪猪猪', '2022-03-15:14:33:00', '2022-03-15:14:33:00');
INSERT INTO `bbs_par_comment` VALUES (1460396035, 84, '62bf474b5af927d71833606203e98f73', '1532664251@qq.com', '蓝天白云', 'http://raugnkxn8.hn-bkt.clouddn.com/vx06IQQV6zm805.png', '哈哈哈哈', '2022-05-18:16:43:07', '2022-05-18:16:43:07');
INSERT INTO `bbs_par_comment` VALUES (1781207041, 80, '028a7457e1436360a6c405be3149da21', '2240581781@qq.com', '黑夜呜呜\r\n', 'http://raugnkxn8.hn-bkt.clouddn.com/9XC1348wh9BDFE.png', '作者可以详细聊聊关于这篇文章吗', '2022-03-15:14:24:12', '2022-03-15:14:24:12');
INSERT INTO `bbs_par_comment` VALUES (1810550785, 80, '028a7457e1436360a6c405be3149da21', '2240581781@qq.com', '黑夜呜呜\r\n', 'http://raugnkxn8.hn-bkt.clouddn.com/9XC1348wh9BDFE.png', '哈哈哈哈哈哈哈哈哈哈哈哈', '2022-03-15:12:01:03', '2022-03-15:12:01:03');
INSERT INTO `bbs_par_comment` VALUES (1852538882, 81, '62bf474b5af927d71833606203e98f73', '1532664251@qq.com', '蓝天白云', 'http://raugnkxn8.hn-bkt.clouddn.com/vx06IQQV6zm805.png', '芜湖', '2022-04-01:16:23:05', '2022-04-01:16:23:05');
INSERT INTO `bbs_par_comment` VALUES (1858818049, 83, '028a7457e1436360a6c405be3149da21', '2240581781@qq.com', '黑夜呜呜', 'http://raugnkxn8.hn-bkt.clouddn.com/9XC1348wh9BDFE.png', 'test', '2022-05-17:16:59:36', '2022-05-17:16:59:36');
INSERT INTO `bbs_par_comment` VALUES (1865150467, 82, '62bf474b5af927d71833606203e98f73', '1532664251@qq.com', '蓝天白云', 'http://raugnkxn8.hn-bkt.clouddn.com/vx06IQQV6zm805.png', 'test1', '2022-04-25:13:26:19', '2022-04-25:13:26:19');

-- ----------------------------
-- Table structure for bbs_role
-- ----------------------------
DROP TABLE IF EXISTS `bbs_role`;
CREATE TABLE `bbs_role`  (
  `id` int(10) NOT NULL AUTO_INCREMENT,
  `role` varchar(255) CHARACTER SET utf8 COLLATE utf8_general_ci NOT NULL,
  PRIMARY KEY (`id`) USING BTREE
) ENGINE = InnoDB AUTO_INCREMENT = 3 CHARACTER SET = utf8 COLLATE = utf8_general_ci ROW_FORMAT = Dynamic;

-- ----------------------------
-- Records of bbs_role
-- ----------------------------
INSERT INTO `bbs_role` VALUES (1, 'user');
INSERT INTO `bbs_role` VALUES (2, 'admin');

-- ----------------------------
-- Table structure for bbs_system_log
-- ----------------------------
DROP TABLE IF EXISTS `bbs_system_log`;
CREATE TABLE `bbs_system_log`  (
  `id` int(10) NOT NULL AUTO_INCREMENT,
  `uid` varchar(255) CHARACTER SET utf8mb4 COLLATE utf8mb4_general_ci NOT NULL,
  `ip` varchar(255) CHARACTER SET utf8mb4 COLLATE utf8mb4_general_ci NOT NULL,
  `method_name` varchar(255) CHARACTER SET utf8mb4 COLLATE utf8mb4_general_ci NOT NULL,
  `describe` varchar(255) CHARACTER SET utf8mb4 COLLATE utf8mb4_general_ci NOT NULL,
  `url` varchar(255) CHARACTER SET utf8mb4 COLLATE utf8mb4_general_ci NOT NULL,
  `create_time` varchar(255) CHARACTER SET utf8mb4 COLLATE utf8mb4_general_ci NOT NULL,
  `update_time` varchar(255) CHARACTER SET utf8mb4 COLLATE utf8mb4_general_ci NOT NULL,
  PRIMARY KEY (`id`) USING BTREE
) ENGINE = InnoDB AUTO_INCREMENT = 2146066434 CHARACTER SET = utf8mb4 COLLATE = utf8mb4_general_ci ROW_FORMAT = Dynamic;

-- ----------------------------
-- Records of bbs_system_log
-- ----------------------------
INSERT INTO `bbs_system_log` VALUES (-2146701310, 'b209328f67e768635cc1107f31724aeb', '2.0.1.15', 'Result com.yinjie.bbs_java.controller.UserController.changePerson(UserDto)', '用户进修改了个人信息', '/user/changePerson', '2022-05-19:16:57:21', '2022-05-19:16:57:21');
INSERT INTO `bbs_system_log` VALUES (-2113257471, '62bf474b5af927d71833606203e98f73', '2.0.1.8', 'Result com.yinjie.bbs_java.controller.ArticleController.selectArticleById(Integer)', '浏览文章详细', '/article/articleDetail', '2022-05-18:16:54:54', '2022-05-18:16:54:54');
INSERT INTO `bbs_system_log` VALUES (-2035572734, 'b209328f67e768635cc1107f31724aeb', '2.0.1.15', 'Result com.yinjie.bbs_java.controller.PersonController.SelectPersonArticle(String,String)', '用户查看了自己发布的文章', '/person/personArticle', '2022-05-19:14:34:30', '2022-05-19:14:34:30');
INSERT INTO `bbs_system_log` VALUES (-2035572733, 'b209328f67e768635cc1107f31724aeb', '2.0.1.15', 'Result com.yinjie.bbs_java.controller.PersonController.SelectMyFocus(String)', '用户查看了关注我的人和我关注的人', '/person/myfocus', '2022-05-19:14:34:30', '2022-05-19:14:34:30');
INSERT INTO `bbs_system_log` VALUES (-2023071743, '028a7457e1436360a6c405be3149da21', '192.168.137.1', 'Result com.yinjie.bbs_java.controller.ArticleController.selectAchievement(String)', '查询我的成就', '/article/achievement', '2022-05-17:22:26:56', '2022-05-17:22:26:56');
INSERT INTO `bbs_system_log` VALUES (-2010451967, '028a7457e1436360a6c405be3149da21', '192.168.137.1', 'Result com.yinjie.bbs_java.controller.UserController.login(UserDto,HttpServletResponse)', '用户进行了登录', '/user/login', '2022-05-21:10:40:56', '2022-05-21:10:40:56');
INSERT INTO `bbs_system_log` VALUES (-1953767422, '62bf474b5af927d71833606203e98f73', '2.0.1.8', 'Result com.yinjie.bbs_java.controller.ArticleController.selectArticleById(Integer)', '浏览文章详细', '/article/articleDetail', '2022-05-18:16:42:24', '2022-05-18:16:42:24');
INSERT INTO `bbs_system_log` VALUES (-1949679614, '62bf474b5af927d71833606203e98f73', '2.0.1.8', 'Result com.yinjie.bbs_java.controller.ArticleController.addParComment(ParComment)', '用户进行了评论', '/article/addParComment', '2022-05-18:16:55:10', '2022-05-18:16:55:10');
INSERT INTO `bbs_system_log` VALUES (-1947475966, '028a7457e1436360a6c405be3149da21', '192.168.137.1', 'Result com.yinjie.bbs_java.controller.PersonController.SelectMyFocus(String)', '用户查看了关注我的人和我关注的人', '/person/myfocus', '2022-05-18:09:18:05', '2022-05-18:09:18:05');
INSERT INTO `bbs_system_log` VALUES (-1932902399, '62bf474b5af927d71833606203e98f73', '2.0.1.8', 'Result com.yinjie.bbs_java.controller.ArticleController.approve(Integer,boolean)', '用户点赞了文章', '/article/approve', '2022-05-18:16:58:52', '2022-05-18:16:58:52');
INSERT INTO `bbs_system_log` VALUES (-1882460158, 'b209328f67e768635cc1107f31724aeb', '2.0.1.15', 'Result com.yinjie.bbs_java.controller.PersonController.SelectMyFocus(String)', '用户查看了关注我的人和我关注的人', '/person/myfocus', '2022-05-19:16:49:26', '2022-05-19:16:49:26');
INSERT INTO `bbs_system_log` VALUES (-1865723903, '028a7457e1436360a6c405be3149da21', '2.0.1.5', 'Result com.yinjie.bbs_java.controller.PersonController.SelectPersonArticle(String,String)', '用户查看了自己发布的文章', '/person/personArticle', '2022-05-17:17:00:58', '2022-05-17:17:00:58');
INSERT INTO `bbs_system_log` VALUES (-1840521215, '62bf474b5af927d71833606203e98f73', '2.0.1.8', 'Result com.yinjie.bbs_java.controller.ArticleController.selectArticleById(Integer)', '浏览文章详细', '/article/articleDetail', '2022-05-18:16:31:51', '2022-05-18:16:31:51');
INSERT INTO `bbs_system_log` VALUES (-1836359679, '028a7457e1436360a6c405be3149da21', '2.0.1.4', 'Result com.yinjie.bbs_java.controller.ArticleController.selectArticleById(Integer)', '浏览文章详细', '/article/articleDetail', '2022-05-24:15:47:01', '2022-05-24:15:47:01');
INSERT INTO `bbs_system_log` VALUES (-1823850494, 'b209328f67e768635cc1107f31724aeb', '2.0.1.15', 'Result com.yinjie.bbs_java.controller.ArticleController.postArticle(Article)', '用户发布了文章', '/article/post', '2022-05-19:17:16:40', '2022-05-19:17:16:40');
INSERT INTO `bbs_system_log` VALUES (-1804926975, '028a7457e1436360a6c405be3149da21', '192.168.137.1', 'Result com.yinjie.bbs_java.controller.UserController.login(UserDto,HttpServletResponse)', '用户进行了登录', '/user/login', '2022-05-21:12:00:16', '2022-05-21:12:00:16');
INSERT INTO `bbs_system_log` VALUES (-1794490366, '028a7457e1436360a6c405be3149da21', '2.0.1.8', 'Result com.yinjie.bbs_java.controller.PersonController.SelectMyFocus(String)', '用户查看了关注我的人和我关注的人', '/person/myfocus', '2022-05-18:15:24:23', '2022-05-18:15:24:23');
INSERT INTO `bbs_system_log` VALUES (-1794453502, 'b209328f67e768635cc1107f31724aeb', '2.0.1.15', 'Result com.yinjie.bbs_java.controller.ArticleController.addChildComment(ChildComment)', '用户进行了评论', '/article/addChildComment', '2022-05-19:16:21:17', '2022-05-19:16:21:17');
INSERT INTO `bbs_system_log` VALUES (-1785991166, 'b209328f67e768635cc1107f31724aeb', '2.0.1.15', 'Result com.yinjie.bbs_java.controller.UserController.login(UserDto,HttpServletResponse)', '用户进行了登录', '/user/login', '2022-05-19:16:48:24', '2022-05-19:16:48:24');
INSERT INTO `bbs_system_log` VALUES (-1775509502, '028a7457e1436360a6c405be3149da21', '192.168.137.1', 'Result com.yinjie.bbs_java.controller.PersonController.SelectPersonArticle(String,String)', '用户查看了自己发布的文章', '/person/personArticle', '2022-05-18:09:14:54', '2022-05-18:09:14:54');
INSERT INTO `bbs_system_log` VALUES (-1775509501, '028a7457e1436360a6c405be3149da21', '192.168.137.1', 'Result com.yinjie.bbs_java.controller.PersonController.SelectMyFocus(String)', '用户查看了关注我的人和我关注的人', '/person/myfocus', '2022-05-18:09:14:54', '2022-05-18:09:14:54');
INSERT INTO `bbs_system_log` VALUES (-1773445118, '028a7457e1436360a6c405be3149da21', '2.0.1.4', 'Result com.yinjie.bbs_java.controller.PersonController.SelectPersonArticle(String,String)', '用户查看了自己发布的文章', '/person/personArticle', '2022-05-24:15:47:01', '2022-05-24:15:47:01');
INSERT INTO `bbs_system_log` VALUES (-1727381503, '028a7457e1436360a6c405be3149da21', '2.0.1.8', 'Result com.yinjie.bbs_java.controller.PersonController.SelectPersonArticle(String,String)', '用户查看了自己发布的文章', '/person/personArticle', '2022-05-18:15:24:23', '2022-05-18:15:24:23');
INSERT INTO `bbs_system_log` VALUES (-1718992894, 'b209328f67e768635cc1107f31724aeb', '2.0.1.15', 'Result com.yinjie.bbs_java.controller.ArticleController.postArticle(Article)', '用户发布了文章', '/article/post', '2022-05-19:17:17:23', '2022-05-19:17:17:23');
INSERT INTO `bbs_system_log` VALUES (-1676976127, '028a7457e1436360a6c405be3149da21', '2.0.1.4', 'Result com.yinjie.bbs_java.controller.ArticleController.postArticle(Article)', '用户发布了文章', '/article/post', '2022-05-24:15:45:58', '2022-05-24:15:45:58');
INSERT INTO `bbs_system_log` VALUES (-1674944510, '028a7457e1436360a6c405be3149da21', '192.168.137.1', 'Result com.yinjie.bbs_java.controller.PersonController.SelectMyFocus(String)', '用户查看了关注我的人和我关注的人', '/person/myfocus', '2022-05-17:22:27:00', '2022-05-17:22:27:00');
INSERT INTO `bbs_system_log` VALUES (-1660166142, '62bf474b5af927d71833606203e98f73', '2.0.1.8', 'Result com.yinjie.bbs_java.controller.ArticleController.selectArticleById(Integer)', '浏览文章详细', '/article/articleDetail', '2022-05-18:16:42:57', '2022-05-18:16:42:57');
INSERT INTO `bbs_system_log` VALUES (-1645486078, '028a7457e1436360a6c405be3149da21', '192.168.137.1', 'Result com.yinjie.bbs_java.controller.PersonController.SelectMyFocus(String)', '用户查看了关注我的人和我关注的人', '/person/myfocus', '2022-05-18:09:15:29', '2022-05-18:09:15:29');
INSERT INTO `bbs_system_log` VALUES (-1574219774, '028a7457e1436360a6c405be3149da21', '2.0.1.8', 'Result com.yinjie.bbs_java.controller.UserController.login(UserDto,HttpServletResponse)', '用户进行了登录', '/user/login', '2022-05-18:11:37:39', '2022-05-18:11:37:39');
INSERT INTO `bbs_system_log` VALUES (-1546915838, 'b209328f67e768635cc1107f31724aeb', '2.0.1.15', 'Result com.yinjie.bbs_java.controller.PersonController.SelectPersonArticle(String,String)', '用户查看了自己发布的文章', '/person/personArticle', '2022-05-19:16:51:55', '2022-05-19:16:51:55');
INSERT INTO `bbs_system_log` VALUES (-1544892415, '028a7457e1436360a6c405be3149da21', '192.168.137.1', 'Result com.yinjie.bbs_java.controller.ArticleController.selectArticleById(Integer)', '浏览文章详细', '/article/articleDetail', '2022-05-21:10:45:44', '2022-05-21:10:45:44');
INSERT INTO `bbs_system_log` VALUES (-1542832126, '028a7457e1436360a6c405be3149da21', '2.0.1.8', 'Result com.yinjie.bbs_java.controller.PersonController.SelectPersonArticle(String,String)', '用户查看了自己发布的文章', '/person/personArticle', '2022-05-18:15:24:14', '2022-05-18:15:24:14');
INSERT INTO `bbs_system_log` VALUES (-1538637822, '62bf474b5af927d71833606203e98f73', '2.0.1.8', 'Result com.yinjie.bbs_java.controller.ArticleController.addParComment(ParComment)', '用户进行了评论', '/article/addParComment', '2022-05-18:16:57:15', '2022-05-18:16:57:15');
INSERT INTO `bbs_system_log` VALUES (-1534332926, 'b209328f67e768635cc1107f31724aeb', '2.0.1.15', 'Result com.yinjie.bbs_java.controller.PersonController.SelectMyFocus(String)', '用户查看了关注我的人和我关注的人', '/person/myfocus', '2022-05-19:16:51:55', '2022-05-19:16:51:55');
INSERT INTO `bbs_system_log` VALUES (-1525997566, '028a7457e1436360a6c405be3149da21', '2.0.1.5', 'Result com.yinjie.bbs_java.controller.ArticleController.addCollection(UserCollection)', '用户收藏了文章', '/article/addCollection', '2022-05-17:17:42:08', '2022-05-17:17:42:08');
INSERT INTO `bbs_system_log` VALUES (-1525989375, '028a7457e1436360a6c405be3149da21', '2.0.1.8', 'Result com.yinjie.bbs_java.controller.PersonController.SelectMyFocus(String)', '用户查看了关注我的人和我关注的人', '/person/myfocus', '2022-05-18:17:20:12', '2022-05-18:17:20:12');
INSERT INTO `bbs_system_log` VALUES (-1511284734, '028a7457e1436360a6c405be3149da21', '2.0.1.15', 'Result com.yinjie.bbs_java.controller.ArticleController.selectAchievement(String)', '查询我的成就', '/article/achievement', '2022-05-19:14:25:09', '2022-05-19:14:25:09');
INSERT INTO `bbs_system_log` VALUES (-1488269310, '028a7457e1436360a6c405be3149da21', '2.0.1.15', 'Result com.yinjie.bbs_java.controller.ArticleController.selectArticleById(Integer)', '浏览文章详细', '/article/articleDetail', '2022-05-19:16:37:12', '2022-05-19:16:37:12');
INSERT INTO `bbs_system_log` VALUES (-1458888702, '028a7457e1436360a6c405be3149da21', '2.0.1.5', 'Result com.yinjie.bbs_java.controller.ArticleController.selectArticleById(Integer)', '浏览文章详细', '/article/articleDetail', '2022-05-17:17:41:57', '2022-05-17:17:41:57');
INSERT INTO `bbs_system_log` VALUES (-1450557439, 'b209328f67e768635cc1107f31724aeb', '2.0.1.15', 'Result com.yinjie.bbs_java.controller.PersonController.SelectMyFocus(String)', '用户查看了关注我的人和我关注的人', '/person/myfocus', '2022-05-19:17:34:04', '2022-05-19:17:34:04');
INSERT INTO `bbs_system_log` VALUES (-1446363135, 'b209328f67e768635cc1107f31724aeb', '2.0.1.15', 'Result com.yinjie.bbs_java.controller.ArticleController.selectArticleById(Integer)', '浏览文章详细', '/article/articleDetail', '2022-05-19:17:24:52', '2022-05-19:17:24:52');
INSERT INTO `bbs_system_log` VALUES (-1437937663, 'b209328f67e768635cc1107f31724aeb', '2.0.1.15', 'Result com.yinjie.bbs_java.controller.PersonController.SelectMyFocus(String)', '用户查看了关注我的人和我关注的人', '/person/myfocus', '2022-05-19:14:41:54', '2022-05-19:14:41:54');
INSERT INTO `bbs_system_log` VALUES (-1429549055, 'b209328f67e768635cc1107f31724aeb', '2.0.1.15', 'Result com.yinjie.bbs_java.controller.PersonController.SelectPersonArticle(String,String)', '用户查看了自己发布的文章', '/person/personArticle', '2022-05-19:14:41:54', '2022-05-19:14:41:54');
INSERT INTO `bbs_system_log` VALUES (-1427382270, '028a7457e1436360a6c405be3149da21', '192.168.137.1', 'Result com.yinjie.bbs_java.controller.ArticleController.selectArticleById(Integer)', '浏览文章详细', '/article/articleDetail', '2022-05-18:09:14:57', '2022-05-18:09:14:57');
INSERT INTO `bbs_system_log` VALUES (-1427382269, '028a7457e1436360a6c405be3149da21', '192.168.137.1', 'Result com.yinjie.bbs_java.controller.PersonController.SelectPersonArticle(String,String)', '用户查看了自己发布的文章', '/person/personArticle', '2022-05-18:09:14:57', '2022-05-18:09:14:57');
INSERT INTO `bbs_system_log` VALUES (-1396031487, '028a7457e1436360a6c405be3149da21', '2.0.1.8', 'Result com.yinjie.bbs_java.controller.PersonController.SelectMyFocus(String)', '用户查看了关注我的人和我关注的人', '/person/myfocus', '2022-05-18:15:23:08', '2022-05-18:15:23:08');
INSERT INTO `bbs_system_log` VALUES (-1383383038, '028a7457e1436360a6c405be3149da21', '2.0.1.8', 'Result com.yinjie.bbs_java.controller.UserController.login(UserDto,HttpServletResponse)', '用户进行了登录', '/user/login', '2022-05-18:17:20:08', '2022-05-18:17:20:08');
INSERT INTO `bbs_system_log` VALUES (-1358184446, '028a7457e1436360a6c405be3149da21', '2.0.1.5', 'Result com.yinjie.bbs_java.controller.ArticleController.postArticle(Article)', '用户发布了文章', '/article/post', '2022-05-17:17:18:21', '2022-05-17:17:18:21');
INSERT INTO `bbs_system_log` VALUES (-1341468671, 'b209328f67e768635cc1107f31724aeb', '2.0.1.15', 'Result com.yinjie.bbs_java.controller.ArticleController.addChildComment(ChildComment)', '用户进行了评论', '/article/addChildComment', '2022-05-19:14:42:16', '2022-05-19:14:42:16');
INSERT INTO `bbs_system_log` VALUES (-1286979583, '62bf474b5af927d71833606203e98f73', '2.0.1.8', 'Result com.yinjie.bbs_java.controller.ArticleController.selectArticleById(Integer)', '浏览文章详细', '/article/articleDetail', '2022-05-18:16:54:10', '2022-05-18:16:54:10');
INSERT INTO `bbs_system_log` VALUES (-1272250367, '028a7457e1436360a6c405be3149da21', '192.168.137.1', 'Result com.yinjie.bbs_java.controller.ArticleController.selectAchievement(String)', '查询我的成就', '/article/achievement', '2022-05-21:12:00:16', '2022-05-21:12:00:16');
INSERT INTO `bbs_system_log` VALUES (-1263874047, '028a7457e1436360a6c405be3149da21', '192.168.137.1', 'Result com.yinjie.bbs_java.controller.ArticleController.postArticle(Article)', '用户发布了文章', '/article/post', '2022-05-21:10:47:32', '2022-05-21:10:47:32');
INSERT INTO `bbs_system_log` VALUES (-1257512958, '62bf474b5af927d71833606203e98f73', '2.0.1.8', 'Result com.yinjie.bbs_java.controller.PersonController.SelectMyFocus(String)', '用户查看了关注我的人和我关注的人', '/person/myfocus', '2022-05-18:16:34:28', '2022-05-18:16:34:28');
INSERT INTO `bbs_system_log` VALUES (-1232453631, 'b209328f67e768635cc1107f31724aeb', '2.0.1.15', 'Result com.yinjie.bbs_java.controller.ArticleController.postArticle(Article)', '用户发布了文章', '/article/post', '2022-05-19:17:20:03', '2022-05-19:17:20:03');
INSERT INTO `bbs_system_log` VALUES (-1190510591, 'b209328f67e768635cc1107f31724aeb', '2.0.1.15', 'Result com.yinjie.bbs_java.controller.ArticleController.postArticle(Article)', '用户发布了文章', '/article/post', '2022-05-19:17:19:57', '2022-05-19:17:19:57');
INSERT INTO `bbs_system_log` VALUES (-1179979775, '028a7457e1436360a6c405be3149da21', '192.168.137.1', 'Result com.yinjie.bbs_java.controller.ArticleController.selectArticleById(Integer)', '浏览文章详细', '/article/articleDetail', '2022-05-21:10:43:54', '2022-05-21:10:43:54');
INSERT INTO `bbs_system_log` VALUES (-1177821183, '62bf474b5af927d71833606203e98f73', '2.0.1.8', 'Result com.yinjie.bbs_java.controller.PersonController.SelectPersonArticle(String,String)', '用户查看了自己发布的文章', '/person/personArticle', '2022-05-18:16:34:28', '2022-05-18:16:34:28');
INSERT INTO `bbs_system_log` VALUES (-1171546111, '028a7457e1436360a6c405be3149da21', '2.0.1.15', 'Result com.yinjie.bbs_java.controller.PersonController.SelectMyFocus(String)', '用户查看了关注我的人和我关注的人', '/person/myfocus', '2022-05-19:14:25:33', '2022-05-19:14:25:33');
INSERT INTO `bbs_system_log` VALUES (-1158983678, '028a7457e1436360a6c405be3149da21', '2.0.1.8', 'Result com.yinjie.bbs_java.controller.PersonController.SelectMyFocus(String)', '用户查看了关注我的人和我关注的人', '/person/myfocus', '2022-05-18:11:37:43', '2022-05-18:11:37:43');
INSERT INTO `bbs_system_log` VALUES (-1156956158, 'b209328f67e768635cc1107f31724aeb', '2.0.1.15', 'Result com.yinjie.bbs_java.controller.ArticleController.postArticle(Article)', '用户发布了文章', '/article/post', '2022-05-19:17:22:23', '2022-05-19:17:22:23');
INSERT INTO `bbs_system_log` VALUES (-1150619647, '028a7457e1436360a6c405be3149da21', '192.168.137.1', 'Result com.yinjie.bbs_java.controller.UserController.login(UserDto,HttpServletResponse)', '用户进行了登录', '/user/login', '2022-05-21:10:43:23', '2022-05-21:10:43:23');
INSERT INTO `bbs_system_log` VALUES (-1100242943, '028a7457e1436360a6c405be3149da21', '2.0.1.15', 'Result com.yinjie.bbs_java.controller.PersonController.SelectPersonArticle(String,String)', '用户查看了自己发布的文章', '/person/personArticle', '2022-05-19:14:25:33', '2022-05-19:14:25:33');
INSERT INTO `bbs_system_log` VALUES (-1060495359, '028a7457e1436360a6c405be3149da21', '2.0.1.5', 'Result com.yinjie.bbs_java.controller.PersonController.SelectMyFocus(String)', '用户查看了关注我的人和我关注的人', '/person/myfocus', '2022-05-17:17:21:49', '2022-05-17:17:21:49');
INSERT INTO `bbs_system_log` VALUES (-1060495358, '028a7457e1436360a6c405be3149da21', '2.0.1.5', 'Result com.yinjie.bbs_java.controller.PersonController.SelectPersonArticle(String,String)', '用户查看了自己发布的文章', '/person/personArticle', '2022-05-17:17:21:49', '2022-05-17:17:21:49');
INSERT INTO `bbs_system_log` VALUES (-1018437631, '62bf474b5af927d71833606203e98f73', '2.0.1.8', 'Result com.yinjie.bbs_java.controller.ArticleController.addCollection(UserCollection)', '用户收藏了文章', '/article/addCollection', '2022-05-18:16:42:31', '2022-05-18:16:42:31');
INSERT INTO `bbs_system_log` VALUES (-1010044927, 'b209328f67e768635cc1107f31724aeb', '2.0.1.15', 'Result com.yinjie.bbs_java.controller.UserController.uploadAvatar(MultipartFile)', '用户上传图片文件', '/user/uploadAvatar', '2022-05-19:16:51:11', '2022-05-19:16:51:11');
INSERT INTO `bbs_system_log` VALUES (-1001730046, 'b209328f67e768635cc1107f31724aeb', '2.0.1.15', 'Result com.yinjie.bbs_java.controller.ArticleController.selectArticleById(Integer)', '浏览文章详细', '/article/articleDetail', '2022-05-19:14:53:37', '2022-05-19:14:53:37');
INSERT INTO `bbs_system_log` VALUES (-1001701375, '028a7457e1436360a6c405be3149da21', '2.0.1.8', 'Result com.yinjie.bbs_java.controller.ArticleController.selectAchievement(String)', '查询我的成就', '/article/achievement', '2022-05-18:17:20:08', '2022-05-18:17:20:08');
INSERT INTO `bbs_system_log` VALUES (-993271806, '028a7457e1436360a6c405be3149da21', '2.0.1.8', 'Result com.yinjie.bbs_java.controller.PersonController.SelectMyFocus(String)', '用户查看了关注我的人和我关注的人', '/person/myfocus', '2022-05-18:16:28:26', '2022-05-18:16:28:26');
INSERT INTO `bbs_system_log` VALUES (-921968638, '62bf474b5af927d71833606203e98f73', '2.0.1.8', 'Result com.yinjie.bbs_java.controller.ArticleController.selectArticleById(Integer)', '浏览文章详细', '/article/articleDetail', '2022-05-18:16:42:07', '2022-05-18:16:42:07');
INSERT INTO `bbs_system_log` VALUES (-905297919, 'b209328f67e768635cc1107f31724aeb', '2.0.1.15', 'Result com.yinjie.bbs_java.controller.ArticleController.postArticle(Article)', '用户发布了文章', '/article/post', '2022-05-19:17:22:03', '2022-05-19:17:22:03');
INSERT INTO `bbs_system_log` VALUES (-903122942, '028a7457e1436360a6c405be3149da21', '192.168.137.1', 'Result com.yinjie.bbs_java.controller.PersonController.SelectMyFocus(String)', '用户查看了关注我的人和我关注的人', '/person/myfocus', '2022-05-17:23:05:06', '2022-05-17:23:05:06');
INSERT INTO `bbs_system_log` VALUES (-901066750, 'b209328f67e768635cc1107f31724aeb', '2.0.1.15', 'Result com.yinjie.bbs_java.controller.ArticleController.selectArticleById(Integer)', '浏览文章详细', '/article/articleDetail', '2022-05-19:14:56:35', '2022-05-19:14:56:35');
INSERT INTO `bbs_system_log` VALUES (-886378494, '028a7457e1436360a6c405be3149da21', '192.168.137.1', 'Result com.yinjie.bbs_java.controller.ArticleController.selectAchievement(String)', '查询我的成就', '/article/achievement', '2022-05-21:10:43:23', '2022-05-21:10:43:23');
INSERT INTO `bbs_system_log` VALUES (-857018366, '028a7457e1436360a6c405be3149da21', '192.168.137.1', 'Result com.yinjie.bbs_java.controller.ArticleController.selectAchievement(String)', '查询我的成就', '/article/achievement', '2022-05-21:10:40:57', '2022-05-21:10:40:57');
INSERT INTO `bbs_system_log` VALUES (-827695102, '028a7457e1436360a6c405be3149da21', '192.168.137.1', 'Result com.yinjie.bbs_java.controller.PersonController.SelectMyFocus(String)', '用户查看了关注我的人和我关注的人', '/person/myfocus', '2022-05-17:22:31:25', '2022-05-17:22:31:25');
INSERT INTO `bbs_system_log` VALUES (-813031422, '028a7457e1436360a6c405be3149da21', '2.0.1.5', 'Result com.yinjie.bbs_java.controller.ArticleController.selectArticleById(Integer)', '浏览文章详细', '/article/articleDetail', '2022-05-17:17:19:31', '2022-05-17:17:19:31');
INSERT INTO `bbs_system_log` VALUES (-804524030, 'b209328f67e768635cc1107f31724aeb', '2.0.1.15', 'Result com.yinjie.bbs_java.controller.ArticleController.selectAchievement(String)', '查询我的成就', '/article/achievement', '2022-05-19:16:48:24', '2022-05-19:16:48:24');
INSERT INTO `bbs_system_log` VALUES (-777334783, '028a7457e1436360a6c405be3149da21', '192.168.137.1', 'Result com.yinjie.bbs_java.controller.ArticleController.selectArticleById(Integer)', '浏览文章详细', '/article/articleDetail', '2022-05-21:10:47:20', '2022-05-21:10:47:20');
INSERT INTO `bbs_system_log` VALUES (-745877503, 'b209328f67e768635cc1107f31724aeb', '2.0.1.15', 'Result com.yinjie.bbs_java.controller.ArticleController.selectArticleById(Integer)', '浏览文章详细', '/article/articleDetail', '2022-05-19:14:53:37', '2022-05-19:14:53:37');
INSERT INTO `bbs_system_log` VALUES (-739545086, '028a7457e1436360a6c405be3149da21', '192.168.137.1', 'Result com.yinjie.bbs_java.controller.PersonController.SelectMyFocus(String)', '用户查看了关注我的人和我关注的人', '/person/myfocus', '2022-05-17:23:04:48', '2022-05-17:23:04:48');
INSERT INTO `bbs_system_log` VALUES (-701829118, '028a7457e1436360a6c405be3149da21', '192.168.137.1', 'Result com.yinjie.bbs_java.controller.ArticleController.postArticle(Article)', '用户发布了文章', '/article/post', '2022-05-21:10:44:06', '2022-05-21:10:44:06');
INSERT INTO `bbs_system_log` VALUES (-701784062, 'b209328f67e768635cc1107f31724aeb', '2.0.1.15', 'Result com.yinjie.bbs_java.controller.PersonController.SelectMyFocus(String)', '用户查看了关注我的人和我关注的人', '/person/myfocus', '2022-05-19:14:34:57', '2022-05-19:14:34:57');
INSERT INTO `bbs_system_log` VALUES (-699740159, 'b209328f67e768635cc1107f31724aeb', '2.0.1.15', 'Result com.yinjie.bbs_java.controller.ArticleController.selectArticleById(Integer)', '浏览文章详细', '/article/articleDetail', '2022-05-19:16:15:39', '2022-05-19:16:15:39');
INSERT INTO `bbs_system_log` VALUES (-682889214, 'b209328f67e768635cc1107f31724aeb', '2.0.1.15', 'Result com.yinjie.bbs_java.controller.ArticleController.postArticle(Article)', '用户发布了文章', '/article/post', '2022-05-19:16:51:31', '2022-05-19:16:51:31');
INSERT INTO `bbs_system_log` VALUES (-678694910, 'b209328f67e768635cc1107f31724aeb', '2.0.1.15', 'Result com.yinjie.bbs_java.controller.PersonController.SelectPersonArticle(String,String)', '用户查看了自己发布的文章', '/person/personArticle', '2022-05-19:16:49:25', '2022-05-19:16:49:25');
INSERT INTO `bbs_system_log` VALUES (-672436223, '028a7457e1436360a6c405be3149da21', '192.168.137.1', 'Result com.yinjie.bbs_java.controller.PersonController.SelectPersonArticle(String,String)', '用户查看了自己发布的文章', '/person/personArticle', '2022-05-17:23:04:48', '2022-05-17:23:04:48');
INSERT INTO `bbs_system_log` VALUES (-670306302, 'b209328f67e768635cc1107f31724aeb', '2.0.1.15', 'Result com.yinjie.bbs_java.controller.PersonController.SelectMyFocus(String)', '用户查看了关注我的人和我关注的人', '/person/myfocus', '2022-05-19:16:49:25', '2022-05-19:16:49:25');
INSERT INTO `bbs_system_log` VALUES (-661917695, 'b209328f67e768635cc1107f31724aeb', '2.0.1.15', 'Result com.yinjie.bbs_java.controller.PersonController.SelectMyCollection(String)', '用户查看了自己收藏的文章', '/person/myCollection', '2022-05-19:16:49:25', '2022-05-19:16:49:25');
INSERT INTO `bbs_system_log` VALUES (-634720255, '028a7457e1436360a6c405be3149da21', '192.168.137.1', 'Result com.yinjie.bbs_java.controller.ArticleController.postArticle(Article)', '用户发布了文章', '/article/post', '2022-05-21:10:44:11', '2022-05-21:10:44:11');
INSERT INTO `bbs_system_log` VALUES (-605335550, '028a7457e1436360a6c405be3149da21', '2.0.1.8', 'Result com.yinjie.bbs_java.controller.ArticleController.selectAchievement(String)', '查询我的成就', '/article/achievement', '2022-05-18:11:37:39', '2022-05-18:11:37:39');
INSERT INTO `bbs_system_log` VALUES (-603238398, '028a7457e1436360a6c405be3149da21', '2.0.1.5', 'Result com.yinjie.bbs_java.controller.PersonController.SelectMyFocus(String)', '用户查看了关注我的人和我关注的人', '/person/myfocus', '2022-05-17:16:58:01', '2022-05-17:16:58:01');
INSERT INTO `bbs_system_log` VALUES (-603238397, '028a7457e1436360a6c405be3149da21', '2.0.1.5', 'Result com.yinjie.bbs_java.controller.PersonController.SelectPersonArticle(String,String)', '用户查看了自己发布的文章', '/person/personArticle', '2022-05-17:16:58:01', '2022-05-17:16:58:01');
INSERT INTO `bbs_system_log` VALUES (-603197438, 'b209328f67e768635cc1107f31724aeb', '2.0.1.15', 'Result com.yinjie.bbs_java.controller.PersonController.SelectPersonArticle(String,String)', '用户查看了自己发布的文章', '/person/personArticle', '2022-05-19:16:56:51', '2022-05-19:16:56:51');
INSERT INTO `bbs_system_log` VALUES (-603197437, 'b209328f67e768635cc1107f31724aeb', '2.0.1.15', 'Result com.yinjie.bbs_java.controller.PersonController.SelectMyFocus(String)', '用户查看了关注我的人和我关注的人', '/person/myfocus', '2022-05-19:16:56:51', '2022-05-19:16:56:51');
INSERT INTO `bbs_system_log` VALUES (-586539006, '028a7457e1436360a6c405be3149da21', '2.0.1.5', 'Result com.yinjie.bbs_java.controller.PersonController.SelectPersonArticle(String,String)', '用户查看了自己发布的文章', '/person/personArticle', '2022-05-17:17:19:36', '2022-05-17:17:19:36');
INSERT INTO `bbs_system_log` VALUES (-586539005, '028a7457e1436360a6c405be3149da21', '2.0.1.5', 'Result com.yinjie.bbs_java.controller.PersonController.SelectMyFocus(String)', '用户查看了关注我的人和我关注的人', '/person/myfocus', '2022-05-17:17:19:36', '2022-05-17:17:19:36');
INSERT INTO `bbs_system_log` VALUES (-575938559, '028a7457e1436360a6c405be3149da21', '192.168.137.1', 'Result com.yinjie.bbs_java.controller.PersonController.SelectMyFocus(String)', '用户查看了关注我的人和我关注的人', '/person/myfocus', '2022-05-18:09:14:49', '2022-05-18:09:14:49');
INSERT INTO `bbs_system_log` VALUES (-569753598, 'b209328f67e768635cc1107f31724aeb', '2.0.1.15', 'Result com.yinjie.bbs_java.controller.PersonController.SelectMyFocus(String)', '用户查看了关注我的人和我关注的人', '/person/myfocus', '2022-05-19:17:19:07', '2022-05-19:17:19:07');
INSERT INTO `bbs_system_log` VALUES (-561364990, 'b209328f67e768635cc1107f31724aeb', '2.0.1.15', 'Result com.yinjie.bbs_java.controller.PersonController.SelectPersonArticle(String,String)', '用户查看了自己发布的文章', '/person/personArticle', '2022-05-19:17:19:07', '2022-05-19:17:19:07');
INSERT INTO `bbs_system_log` VALUES (-536125439, '028a7457e1436360a6c405be3149da21', '2.0.1.4', 'Result com.yinjie.bbs_java.controller.PersonController.SelectMyFocus(String)', '用户查看了关注我的人和我关注的人', '/person/myfocus', '2022-05-24:15:46:55', '2022-05-24:15:46:55');
INSERT INTO `bbs_system_log` VALUES (-498450431, '62bf474b5af927d71833606203e98f73', '2.0.1.8', 'Result com.yinjie.bbs_java.controller.PersonController.SelectMyFocus(String)', '用户查看了关注我的人和我关注的人', '/person/myfocus', '2022-05-18:16:58:56', '2022-05-18:16:58:56');
INSERT INTO `bbs_system_log` VALUES (-498450430, '62bf474b5af927d71833606203e98f73', '2.0.1.8', 'Result com.yinjie.bbs_java.controller.PersonController.SelectPersonArticle(String,String)', '用户查看了自己发布的文章', '/person/personArticle', '2022-05-18:16:58:56', '2022-05-18:16:58:56');
INSERT INTO `bbs_system_log` VALUES (-469090302, 'b209328f67e768635cc1107f31724aeb', '2.0.1.15', 'Result com.yinjie.bbs_java.controller.PersonController.SelectPersonArticle(String,String)', '用户查看了自己发布的文章', '/person/personArticle', '2022-05-19:17:19:09', '2022-05-19:17:19:09');
INSERT INTO `bbs_system_log` VALUES (-462708734, '028a7457e1436360a6c405be3149da21', '2.0.1.15', 'Result com.yinjie.bbs_java.controller.UserController.login(UserDto,HttpServletResponse)', '用户进行了登录', '/user/login', '2022-05-19:14:34:01', '2022-05-19:14:34:01');
INSERT INTO `bbs_system_log` VALUES (-448118783, '028a7457e1436360a6c405be3149da21', '2.0.1.8', 'Result com.yinjie.bbs_java.controller.PersonController.SelectPersonArticle(String,String)', '用户查看了自己发布的文章', '/person/personArticle', '2022-05-18:15:24:12', '2022-05-18:15:24:12');
INSERT INTO `bbs_system_log` VALUES (-446013438, '028a7457e1436360a6c405be3149da21', '192.168.137.1', 'Result com.yinjie.bbs_java.controller.PersonController.SelectPersonArticle(String,String)', '用户查看了自己发布的文章', '/person/personArticle', '2022-05-17:22:48:28', '2022-05-17:22:48:28');
INSERT INTO `bbs_system_log` VALUES (-441749502, '028a7457e1436360a6c405be3149da21', '192.168.137.1', 'Result com.yinjie.bbs_java.controller.PersonController.SelectMyFocus(String)', '用户查看了关注我的人和我关注的人', '/person/myfocus', '2022-05-17:22:55:33', '2022-05-17:22:55:33');
INSERT INTO `bbs_system_log` VALUES (-406183934, '028a7457e1436360a6c405be3149da21', '2.0.1.5', 'Result com.yinjie.bbs_java.controller.PersonController.SelectPersonArticle(String,String)', '用户查看了自己发布的文章', '/person/personArticle', '2022-05-17:17:21:50', '2022-05-17:17:21:50');
INSERT INTO `bbs_system_log` VALUES (-404041727, '028a7457e1436360a6c405be3149da21', '192.168.137.1', 'Result com.yinjie.bbs_java.controller.ArticleController.selectArticleById(Integer)', '浏览文章详细', '/article/articleDetail', '2022-05-21:10:45:45', '2022-05-21:10:45:45');
INSERT INTO `bbs_system_log` VALUES (-397787134, '62bf474b5af927d71833606203e98f73', '2.0.1.8', 'Result com.yinjie.bbs_java.controller.PersonController.SelectMyFocus(String)', '用户查看了关注我的人和我关注的人', '/person/myfocus', '2022-05-18:16:57:24', '2022-05-18:16:57:24');
INSERT INTO `bbs_system_log` VALUES (-385204222, 'b209328f67e768635cc1107f31724aeb', '2.0.1.15', 'Result com.yinjie.bbs_java.controller.UserController.login(UserDto,HttpServletResponse)', '用户进行了登录', '/user/login', '2022-05-19:17:11:20', '2022-05-19:17:11:20');
INSERT INTO `bbs_system_log` VALUES (-355844095, '028a7457e1436360a6c405be3149da21', '2.0.1.8', 'Result com.yinjie.bbs_java.controller.UserController.login(UserDto,HttpServletResponse)', '用户进行了登录', '/user/login', '2022-05-18:15:23:03', '2022-05-18:15:23:03');
INSERT INTO `bbs_system_log` VALUES (-330641407, 'b209328f67e768635cc1107f31724aeb', '2.0.1.15', 'Result com.yinjie.bbs_java.controller.ArticleController.addChildComment(ChildComment)', '用户进行了评论', '/article/addChildComment', '2022-05-19:14:42:51', '2022-05-19:14:42:51');
INSERT INTO `bbs_system_log` VALUES (-307519486, 'b209328f67e768635cc1107f31724aeb', '2.0.1.15', 'Result com.yinjie.bbs_java.controller.PersonController.SelectPersonArticle(String,String)', '用户查看了自己发布的文章', '/person/personArticle', '2022-05-19:14:34:21', '2022-05-19:14:34:21');
INSERT INTO `bbs_system_log` VALUES (-307519485, 'b209328f67e768635cc1107f31724aeb', '2.0.1.15', 'Result com.yinjie.bbs_java.controller.PersonController.SelectMyFocus(String)', '用户查看了关注我的人和我关注的人', '/person/myfocus', '2022-05-19:14:34:21', '2022-05-19:14:34:21');
INSERT INTO `bbs_system_log` VALUES (-305442815, '028a7457e1436360a6c405be3149da21', '2.0.1.5', 'Result com.yinjie.bbs_java.controller.PersonController.SelectMyFocus(String)', '用户查看了关注我的人和我关注的人', '/person/myfocus', '2022-05-17:16:58:52', '2022-05-17:16:58:52');
INSERT INTO `bbs_system_log` VALUES (-305442814, '028a7457e1436360a6c405be3149da21', '2.0.1.5', 'Result com.yinjie.bbs_java.controller.PersonController.SelectPersonArticle(String,String)', '用户查看了自己发布的文章', '/person/personArticle', '2022-05-17:16:58:52', '2022-05-17:16:58:52');
INSERT INTO `bbs_system_log` VALUES (-305442813, '028a7457e1436360a6c405be3149da21', '2.0.1.5', 'Result com.yinjie.bbs_java.controller.PersonController.SelectMyCollection(String)', '用户查看了自己收藏的文章', '/person/myCollection', '2022-05-17:16:58:52', '2022-05-17:16:58:52');
INSERT INTO `bbs_system_log` VALUES (-301318142, '62bf474b5af927d71833606203e98f73', '2.0.1.8', 'Result com.yinjie.bbs_java.controller.PersonController.SelectMyFocus(String)', '用户查看了关注我的人和我关注的人', '/person/myfocus', '2022-05-18:16:57:20', '2022-05-18:16:57:20');
INSERT INTO `bbs_system_log` VALUES (-267726847, 'b209328f67e768635cc1107f31724aeb', '2.0.1.15', 'Result com.yinjie.bbs_java.controller.ArticleController.addChildComment(ChildComment)', '用户进行了评论', '/article/addChildComment', '2022-05-19:16:21:53', '2022-05-19:16:21:53');
INSERT INTO `bbs_system_log` VALUES (-259276799, '028a7457e1436360a6c405be3149da21', '2.0.1.5', 'Result com.yinjie.bbs_java.controller.PersonController.SelectMyFocus(String)', '用户查看了关注我的人和我关注的人', '/person/myfocus', '2022-05-17:16:57:27', '2022-05-17:16:57:27');
INSERT INTO `bbs_system_log` VALUES (-259276798, '028a7457e1436360a6c405be3149da21', '2.0.1.5', 'Result com.yinjie.bbs_java.controller.PersonController.SelectPersonArticle(String,String)', '用户查看了自己发布的文章', '/person/personArticle', '2022-05-17:16:57:27', '2022-05-17:16:57:27');
INSERT INTO `bbs_system_log` VALUES (-246792190, 'b209328f67e768635cc1107f31724aeb', '2.0.1.15', 'Result com.yinjie.bbs_java.controller.ArticleController.postArticle(Article)', '用户发布了文章', '/article/post', '2022-05-19:17:27:29', '2022-05-19:17:27:29');
INSERT INTO `bbs_system_log` VALUES (-229961726, '62bf474b5af927d71833606203e98f73', '2.0.1.8', 'Result com.yinjie.bbs_java.controller.ArticleController.addParComment(ParComment)', '用户进行了评论', '/article/addParComment', '2022-05-18:16:49:24', '2022-05-18:16:49:24');
INSERT INTO `bbs_system_log` VALUES (-213200895, 'b209328f67e768635cc1107f31724aeb', '2.0.1.15', 'Result com.yinjie.bbs_java.controller.ArticleController.selectArticleById(Integer)', '浏览文章详细', '/article/articleDetail', '2022-05-19:14:42:43', '2022-05-19:14:42:43');
INSERT INTO `bbs_system_log` VALUES (-175435774, '62bf474b5af927d71833606203e98f73', '2.0.1.8', 'Result com.yinjie.bbs_java.controller.ArticleController.selectArticleById(Integer)', '浏览文章详细', '/article/articleDetail', '2022-05-18:16:49:14', '2022-05-18:16:49:14');
INSERT INTO `bbs_system_log` VALUES (-135606271, '028a7457e1436360a6c405be3149da21', '192.168.137.1', 'Result com.yinjie.bbs_java.controller.ArticleController.selectArticleById(Integer)', '浏览文章详细', '/article/articleDetail', '2022-05-21:10:47:40', '2022-05-21:10:47:40');
INSERT INTO `bbs_system_log` VALUES (-101998591, 'b209328f67e768635cc1107f31724aeb', '2.0.1.15', 'Result com.yinjie.bbs_java.controller.PersonController.SelectPersonArticle(String,String)', '用户查看了自己发布的文章', '/person/personArticle', '2022-05-19:14:34:29', '2022-05-19:14:34:29');
INSERT INTO `bbs_system_log` VALUES (-93691902, '028a7457e1436360a6c405be3149da21', '192.168.137.1', 'Result com.yinjie.bbs_java.controller.PersonController.SelectMyFocus(String)', '用户查看了关注我的人和我关注的人', '/person/myfocus', '2022-05-17:22:48:27', '2022-05-17:22:48:27');
INSERT INTO `bbs_system_log` VALUES (-93691901, '028a7457e1436360a6c405be3149da21', '192.168.137.1', 'Result com.yinjie.bbs_java.controller.PersonController.SelectPersonArticle(String,String)', '用户查看了自己发布的文章', '/person/personArticle', '2022-05-17:22:48:27', '2022-05-17:22:48:27');
INSERT INTO `bbs_system_log` VALUES (-81068031, '028a7457e1436360a6c405be3149da21', '192.168.137.1', 'Result com.yinjie.bbs_java.controller.ArticleController.postArticle(Article)', '用户发布了文章', '/article/post', '2022-05-21:12:06:43', '2022-05-21:12:06:43');
INSERT INTO `bbs_system_log` VALUES (-37040127, 'b209328f67e768635cc1107f31724aeb', '2.0.1.15', 'Result com.yinjie.bbs_java.controller.PersonController.SelectPersonArticle(String,String)', '用户查看了自己发布的文章', '/person/personArticle', '2022-05-19:14:42:58', '2022-05-19:14:42:58');
INSERT INTO `bbs_system_log` VALUES (-32845822, 'b209328f67e768635cc1107f31724aeb', '2.0.1.15', 'Result com.yinjie.bbs_java.controller.ArticleController.selectArticleById(Integer)', '浏览文章详细', '/article/articleDetail', '2022-05-19:14:40:58', '2022-05-19:14:40:58');
INSERT INTO `bbs_system_log` VALUES (-28651519, 'b209328f67e768635cc1107f31724aeb', '2.0.1.15', 'Result com.yinjie.bbs_java.controller.PersonController.SelectMyFocus(String)', '用户查看了关注我的人和我关注的人', '/person/myfocus', '2022-05-19:14:42:58', '2022-05-19:14:42:58');
INSERT INTO `bbs_system_log` VALUES (67854337, '028a7457e1436360a6c405be3149da21', '2.0.1.4', 'Result com.yinjie.bbs_java.controller.PersonController.SelectMyFocus(String)', '用户查看了关注我的人和我关注的人', '/person/myfocus', '2022-05-24:15:46:57', '2022-05-24:15:46:57');
INSERT INTO `bbs_system_log` VALUES (69984257, '028a7457e1436360a6c405be3149da21', '192.168.137.1', 'Result com.yinjie.bbs_java.controller.PersonController.SelectMyFocus(String)', '用户查看了关注我的人和我关注的人', '/person/myfocus', '2022-05-21:00:26:41', '2022-05-21:00:26:41');
INSERT INTO `bbs_system_log` VALUES (88752129, 'b209328f67e768635cc1107f31724aeb', '2.0.1.15', 'Result com.yinjie.bbs_java.controller.ArticleController.postArticle(Article)', '用户发布了文章', '/article/post', '2022-05-19:17:27:34', '2022-05-19:17:27:34');
INSERT INTO `bbs_system_log` VALUES (105566210, 'b209328f67e768635cc1107f31724aeb', '2.0.1.15', 'Result com.yinjie.bbs_java.controller.ArticleController.selectArticleById(Integer)', '浏览文章详细', '/article/articleDetail', '2022-05-19:15:58:55', '2022-05-19:15:58:55');
INSERT INTO `bbs_system_log` VALUES (111857665, '028a7457e1436360a6c405be3149da21', '192.168.137.1', 'Result com.yinjie.bbs_java.controller.ArticleController.postArticle(Article)', '用户发布了文章', '/article/post', '2022-05-21:10:45:55', '2022-05-21:10:45:55');
INSERT INTO `bbs_system_log` VALUES (126574594, '028a7457e1436360a6c405be3149da21', '2.0.1.4', 'Result com.yinjie.bbs_java.controller.PersonController.SelectPersonArticle(String,String)', '用户查看了自己发布的文章', '/person/personArticle', '2022-05-24:15:46:57', '2022-05-24:15:46:57');
INSERT INTO `bbs_system_log` VALUES (130732034, 'b209328f67e768635cc1107f31724aeb', '2.0.1.15', 'Result com.yinjie.bbs_java.controller.PersonController.SelectPersonArticle(String,String)', '用户查看了自己发布的文章', '/person/personArticle', '2022-05-19:14:42:59', '2022-05-19:14:42:59');
INSERT INTO `bbs_system_log` VALUES (143278082, '028a7457e1436360a6c405be3149da21', '2.0.1.8', 'Result com.yinjie.bbs_java.controller.PersonController.SelectMyFocus(String)', '用户查看了关注我的人和我关注的人', '/person/myfocus', '2022-05-18:15:24:11', '2022-05-18:15:24:11');
INSERT INTO `bbs_system_log` VALUES (143278083, '028a7457e1436360a6c405be3149da21', '2.0.1.8', 'Result com.yinjie.bbs_java.controller.PersonController.SelectPersonArticle(String,String)', '用户查看了自己发布的文章', '/person/personArticle', '2022-05-18:15:24:11', '2022-05-18:15:24:11');
INSERT INTO `bbs_system_log` VALUES (143314945, 'b209328f67e768635cc1107f31724aeb', '2.0.1.15', 'Result com.yinjie.bbs_java.controller.PersonController.SelectMyFocus(String)', '用户查看了关注我的人和我关注的人', '/person/myfocus', '2022-05-19:14:42:59', '2022-05-19:14:42:59');
INSERT INTO `bbs_system_log` VALUES (151736322, '028a7457e1436360a6c405be3149da21', '2.0.1.5', 'Result com.yinjie.bbs_java.controller.PersonController.SelectMyFocus(String)', '用户查看了关注我的人和我关注的人', '/person/myfocus', '2022-05-17:16:58:59', '2022-05-17:16:58:59');
INSERT INTO `bbs_system_log` VALUES (151736323, '028a7457e1436360a6c405be3149da21', '2.0.1.5', 'Result com.yinjie.bbs_java.controller.PersonController.SelectPersonArticle(String,String)', '用户查看了自己发布的文章', '/person/personArticle', '2022-05-17:16:58:59', '2022-05-17:16:58:59');
INSERT INTO `bbs_system_log` VALUES (160055297, '028a7457e1436360a6c405be3149da21', '2.0.1.8', 'Result com.yinjie.bbs_java.controller.ArticleController.selectAchievement(String)', '查询我的成就', '/article/achievement', '2022-05-18:15:23:04', '2022-05-18:15:23:04');
INSERT INTO `bbs_system_log` VALUES (172638210, 'b209328f67e768635cc1107f31724aeb', '2.0.1.15', 'Result com.yinjie.bbs_java.controller.ArticleController.selectArticleById(Integer)', '浏览文章详细', '/article/articleDetail', '2022-05-19:17:11:46', '2022-05-19:17:11:46');
INSERT INTO `bbs_system_log` VALUES (199946242, '028a7457e1436360a6c405be3149da21', '192.168.137.1', 'Result com.yinjie.bbs_java.controller.ArticleController.selectArticleById(Integer)', '浏览文章详细', '/article/articleDetail', '2022-05-21:10:43:55', '2022-05-21:10:43:55');
INSERT INTO `bbs_system_log` VALUES (214581249, 'b209328f67e768635cc1107f31724aeb', '2.0.1.15', 'Result com.yinjie.bbs_java.controller.ArticleController.postArticle(Article)', '用户发布了文章', '/article/post', '2022-05-19:17:21:54', '2022-05-19:17:21:54');
INSERT INTO `bbs_system_log` VALUES (225116162, '游客', '192.168.137.1', 'Result com.yinjie.bbs_java.controller.UserController.logout()', '用户退出了系统', '/user/logout', '2022-05-21:11:59:30', '2022-05-21:11:59:30');
INSERT INTO `bbs_system_log` VALUES (244047873, '62bf474b5af927d71833606203e98f73', '2.0.1.8', 'Result com.yinjie.bbs_java.controller.ArticleController.selectArticleById(Integer)', '浏览文章详细', '/article/articleDetail', '2022-05-18:16:36:26', '2022-05-18:16:36:26');
INSERT INTO `bbs_system_log` VALUES (252329985, '62bf474b5af927d71833606203e98f73', '2.0.1.8', 'Result com.yinjie.bbs_java.controller.ArticleController.selectArticleById(Integer)', '浏览文章详细', '/article/articleDetail', '2022-05-18:16:59:22', '2022-05-18:16:59:22');
INSERT INTO `bbs_system_log` VALUES (258666497, '028a7457e1436360a6c405be3149da21', '192.168.137.1', 'Result com.yinjie.bbs_java.controller.ArticleController.postArticle(Article)', '用户发布了文章', '/article/post', '2022-05-21:10:42:39', '2022-05-21:10:42:39');
INSERT INTO `bbs_system_log` VALUES (264912897, 'b209328f67e768635cc1107f31724aeb', '2.0.1.15', 'Result com.yinjie.bbs_java.controller.ArticleController.postArticle(Article)', '用户发布了文章', '/article/post', '2022-05-19:17:26:29', '2022-05-19:17:26:29');
INSERT INTO `bbs_system_log` VALUES (273408001, '62bf474b5af927d71833606203e98f73', '2.0.1.8', 'Result com.yinjie.bbs_java.controller.PersonController.SelectPersonArticle(String,String)', '用户查看了自己发布的文章', '/person/personArticle', '2022-05-18:16:34:14', '2022-05-18:16:34:14');
INSERT INTO `bbs_system_log` VALUES (273408002, '62bf474b5af927d71833606203e98f73', '2.0.1.8', 'Result com.yinjie.bbs_java.controller.PersonController.SelectMyFocus(String)', '用户查看了关注我的人和我关注的人', '/person/myfocus', '2022-05-18:16:34:14', '2022-05-18:16:34:14');
INSERT INTO `bbs_system_log` VALUES (285954049, '028a7457e1436360a6c405be3149da21', '2.0.1.5', 'Result com.yinjie.bbs_java.controller.PersonController.SelectPersonArticle(String,String)', '用户查看了自己发布的文章', '/person/personArticle', '2022-05-17:17:00:46', '2022-05-17:17:00:46');
INSERT INTO `bbs_system_log` VALUES (288088065, '028a7457e1436360a6c405be3149da21', '192.168.137.1', 'Result com.yinjie.bbs_java.controller.ArticleController.selectArticleById(Integer)', '浏览文章详细', '/article/articleDetail', '2022-05-20:23:47:39', '2022-05-20:23:47:39');
INSERT INTO `bbs_system_log` VALUES (288088066, '028a7457e1436360a6c405be3149da21', '192.168.137.1', 'Result com.yinjie.bbs_java.controller.ArticleController.postArticle(Article)', '用户发布了文章', '/article/post', '2022-05-20:23:38:16', '2022-05-20:23:38:16');
INSERT INTO `bbs_system_log` VALUES (313192450, '028a7457e1436360a6c405be3149da21', '192.168.137.1', 'Result com.yinjie.bbs_java.controller.PersonController.SelectMyFocus(String)', '用户查看了关注我的人和我关注的人', '/person/myfocus', '2022-05-21:10:41:00', '2022-05-21:10:41:00');
INSERT INTO `bbs_system_log` VALUES (327827458, 'b209328f67e768635cc1107f31724aeb', '2.0.1.15', 'Result com.yinjie.bbs_java.controller.ArticleController.selectArticleById(Integer)', '浏览文章详细', '/article/articleDetail', '2022-05-19:17:21:35', '2022-05-19:17:21:35');
INSERT INTO `bbs_system_log` VALUES (329961474, '028a7457e1436360a6c405be3149da21', '192.168.137.1', 'Result com.yinjie.bbs_java.controller.ArticleController.selectArticleById(Integer)', '浏览文章详细', '/article/articleDetail', '2022-05-21:10:47:18', '2022-05-21:10:47:18');
INSERT INTO `bbs_system_log` VALUES (357285889, '028a7457e1436360a6c405be3149da21', '2.0.1.5', 'Result com.yinjie.bbs_java.controller.ArticleController.postArticle(Article)', '用户发布了文章', '/article/post', '2022-05-17:17:16:49', '2022-05-17:17:16:49');
INSERT INTO `bbs_system_log` VALUES (386654210, '62bf474b5af927d71833606203e98f73', '2.0.1.8', 'Result com.yinjie.bbs_java.controller.ArticleController.selectArticleById(Integer)', '浏览文章详细', '/article/articleDetail', '2022-05-18:16:34:02', '2022-05-18:16:34:02');
INSERT INTO `bbs_system_log` VALUES (390852610, '028a7457e1436360a6c405be3149da21', '2.0.1.15', 'Result com.yinjie.bbs_java.controller.ArticleController.selectArticleById(Integer)', '浏览文章详细', '/article/articleDetail', '2022-05-19:16:43:05', '2022-05-19:16:43:05');
INSERT INTO `bbs_system_log` VALUES (395046914, 'b209328f67e768635cc1107f31724aeb', '2.0.1.15', 'Result com.yinjie.bbs_java.controller.ArticleController.selectArticleById(Integer)', '浏览文章详细', '/article/articleDetail', '2022-05-19:16:58:56', '2022-05-19:16:58:56');
INSERT INTO `bbs_system_log` VALUES (407625729, '62bf474b5af927d71833606203e98f73', '2.0.1.8', 'Result com.yinjie.bbs_java.controller.ArticleController.selectArticleById(Integer)', '浏览文章详细', '/article/articleDetail', '2022-05-18:16:42:50', '2022-05-18:16:42:50');
INSERT INTO `bbs_system_log` VALUES (428564482, '028a7457e1436360a6c405be3149da21', '2.0.1.4', 'Result com.yinjie.bbs_java.controller.UserController.login(UserDto,HttpServletResponse)', '用户进行了登录', '/user/login', '2022-05-24:15:45:18', '2022-05-24:15:45:18');
INSERT INTO `bbs_system_log` VALUES (436916225, 'b209328f67e768635cc1107f31724aeb', '2.0.1.15', 'Result com.yinjie.bbs_java.controller.ArticleController.selectArticleById(Integer)', '浏览文章详细', '/article/articleDetail', '2022-05-19:16:14:59', '2022-05-19:16:14:59');
INSERT INTO `bbs_system_log` VALUES (449568770, '62bf474b5af927d71833606203e98f73', '2.0.1.8', 'Result com.yinjie.bbs_java.controller.ArticleController.selectArticleById(Integer)', '浏览文章详细', '/article/articleDetail', '2022-05-18:16:42:54', '2022-05-18:16:42:54');
INSERT INTO `bbs_system_log` VALUES (449572865, 'b209328f67e768635cc1107f31724aeb', '2.0.1.15', 'Result com.yinjie.bbs_java.controller.UserController.uploadAvatar(MultipartFile)', '用户上传图片文件', '/user/uploadAvatar', '2022-05-19:16:57:01', '2022-05-19:16:57:01');
INSERT INTO `bbs_system_log` VALUES (455860226, '028a7457e1436360a6c405be3149da21', '192.168.137.1', 'Result com.yinjie.bbs_java.controller.ArticleController.selectArticleById(Integer)', '浏览文章详细', '/article/articleDetail', '2022-05-18:09:13:39', '2022-05-18:09:13:39');
INSERT INTO `bbs_system_log` VALUES (466309121, '028a7457e1436360a6c405be3149da21', '2.0.1.5', 'Result com.yinjie.bbs_java.controller.PersonController.SelectPersonArticle(String,String)', '用户查看了自己发布的文章', '/person/personArticle', '2022-05-17:16:59:06', '2022-05-17:16:59:06');
INSERT INTO `bbs_system_log` VALUES (478892034, '028a7457e1436360a6c405be3149da21', '2.0.1.5', 'Result com.yinjie.bbs_java.controller.PersonController.SelectMyFocus(String)', '用户查看了关注我的人和我关注的人', '/person/myfocus', '2022-05-17:17:00:46', '2022-05-17:17:00:46');
INSERT INTO `bbs_system_log` VALUES (558505985, '028a7457e1436360a6c405be3149da21', '2.0.1.5', 'Result com.yinjie.bbs_java.controller.ArticleController.selectArticleById(Integer)', '浏览文章详细', '/article/articleDetail', '2022-05-17:17:19:24', '2022-05-17:17:19:24');
INSERT INTO `bbs_system_log` VALUES (562745345, '028a7457e1436360a6c405be3149da21', '2.0.1.15', 'Result com.yinjie.bbs_java.controller.ArticleController.selectArticleById(Integer)', '浏览文章详细', '/article/articleDetail', '2022-05-19:16:36:47', '2022-05-19:16:36:47');
INSERT INTO `bbs_system_log` VALUES (569090049, '028a7457e1436360a6c405be3149da21', '2.0.1.15', 'Result com.yinjie.bbs_java.controller.PersonController.SelectMyFocus(String)', '用户查看了关注我的人和我关注的人', '/person/myfocus', '2022-05-19:14:25:29', '2022-05-19:14:25:29');
INSERT INTO `bbs_system_log` VALUES (571207681, 'b209328f67e768635cc1107f31724aeb', '2.0.1.15', 'Result com.yinjie.bbs_java.controller.PersonController.SelectPersonArticle(String,String)', '用户查看了自己发布的文章', '/person/personArticle', '2022-05-19:16:49:24', '2022-05-19:16:49:24');
INSERT INTO `bbs_system_log` VALUES (573272066, '028a7457e1436360a6c405be3149da21', '192.168.137.1', 'Result com.yinjie.bbs_java.controller.PersonController.SelectMyFocus(String)', '用户查看了关注我的人和我关注的人', '/person/myfocus', '2022-05-17:23:07:13', '2022-05-17:23:07:13');
INSERT INTO `bbs_system_log` VALUES (575291394, 'b209328f67e768635cc1107f31724aeb', '2.0.1.15', 'Result com.yinjie.bbs_java.controller.ArticleController.postArticle(Article)', '用户发布了文章', '/article/post', '2022-05-19:17:17:01', '2022-05-19:17:17:01');
INSERT INTO `bbs_system_log` VALUES (575397889, '62bf474b5af927d71833606203e98f73', '2.0.1.8', 'Result com.yinjie.bbs_java.controller.ArticleController.addParComment(ParComment)', '用户进行了评论', '/article/addParComment', '2022-05-18:16:30:07', '2022-05-18:16:30:07');
INSERT INTO `bbs_system_log` VALUES (600457218, 'b209328f67e768635cc1107f31724aeb', '2.0.1.15', 'Result com.yinjie.bbs_java.controller.ArticleController.postArticle(Article)', '用户发布了文章', '/article/post', '2022-05-19:17:16:31', '2022-05-19:17:16:31');
INSERT INTO `bbs_system_log` VALUES (604758018, '62bf474b5af927d71833606203e98f73', '2.0.1.8', 'Result com.yinjie.bbs_java.controller.ArticleController.selectArticleById(Integer)', '浏览文章详细', '/article/articleDetail', '2022-05-18:16:42:38', '2022-05-18:16:42:38');
INSERT INTO `bbs_system_log` VALUES (638242818, '028a7457e1436360a6c405be3149da21', '2.0.1.15', 'Result com.yinjie.bbs_java.controller.ArticleController.selectArticleById(Integer)', '浏览文章详细', '/article/articleDetail', '2022-05-19:16:29:30', '2022-05-19:16:29:30');
INSERT INTO `bbs_system_log` VALUES (667566081, 'b209328f67e768635cc1107f31724aeb', '2.0.1.15', 'Result com.yinjie.bbs_java.controller.ArticleController.postArticle(Article)', '用户发布了文章', '/article/post', '2022-05-19:17:20:21', '2022-05-19:17:20:21');
INSERT INTO `bbs_system_log` VALUES (688537602, 'b209328f67e768635cc1107f31724aeb', '2.0.1.15', 'Result com.yinjie.bbs_java.controller.ArticleController.selectAchievement(String)', '查询我的成就', '/article/achievement', '2022-05-19:17:11:20', '2022-05-19:17:11:20');
INSERT INTO `bbs_system_log` VALUES (701120513, 'b209328f67e768635cc1107f31724aeb', '2.0.1.15', 'Result com.yinjie.bbs_java.controller.PersonController.SelectMyFocus(String)', '用户查看了关注我的人和我关注的人', '/person/myfocus', '2022-05-19:17:21:19', '2022-05-19:17:21:19');
INSERT INTO `bbs_system_log` VALUES (701120514, 'b209328f67e768635cc1107f31724aeb', '2.0.1.15', 'Result com.yinjie.bbs_java.controller.PersonController.SelectPersonArticle(String,String)', '用户查看了自己发布的文章', '/person/personArticle', '2022-05-19:17:21:19', '2022-05-19:17:21:19');
INSERT INTO `bbs_system_log` VALUES (703324161, '028a7457e1436360a6c405be3149da21', '192.168.137.1', 'Result com.yinjie.bbs_java.controller.PersonController.SelectMyFocus(String)', '用户查看了关注我的人和我关注的人', '/person/myfocus', '2022-05-18:09:14:47', '2022-05-18:09:14:47');
INSERT INTO `bbs_system_log` VALUES (703324162, '028a7457e1436360a6c405be3149da21', '192.168.137.1', 'Result com.yinjie.bbs_java.controller.PersonController.SelectPersonArticle(String,String)', '用户查看了自己发布的文章', '/person/personArticle', '2022-05-18:09:14:47', '2022-05-18:09:14:47');
INSERT INTO `bbs_system_log` VALUES (703324163, '028a7457e1436360a6c405be3149da21', '192.168.137.1', 'Result com.yinjie.bbs_java.controller.PersonController.SelectMyCollection(String)', '用户查看了自己收藏的文章', '/person/myCollection', '2022-05-18:09:14:47', '2022-05-18:09:14:47');
INSERT INTO `bbs_system_log` VALUES (743063553, '028a7457e1436360a6c405be3149da21', '2.0.1.8', 'Result com.yinjie.bbs_java.controller.PersonController.SelectPersonArticle(String,String)', '用户查看了自己发布的文章', '/person/personArticle', '2022-05-18:15:24:19', '2022-05-18:15:24:19');
INSERT INTO `bbs_system_log` VALUES (772423682, 'b209328f67e768635cc1107f31724aeb', '2.0.1.15', 'Result com.yinjie.bbs_java.controller.ArticleController.postArticle(Article)', '用户发布了文章', '/article/post', '2022-05-19:17:16:57', '2022-05-19:17:16:57');
INSERT INTO `bbs_system_log` VALUES (776716289, '028a7457e1436360a6c405be3149da21', '2.0.1.5', 'Result com.yinjie.bbs_java.controller.PersonController.SelectPersonArticle(String,String)', '用户查看了自己发布的文章', '/person/personArticle', '2022-05-17:17:15:15', '2022-05-17:17:15:15');
INSERT INTO `bbs_system_log` VALUES (797696002, '62bf474b5af927d71833606203e98f73', '2.0.1.8', 'Result com.yinjie.bbs_java.controller.PersonController.SelectPersonArticle(String,String)', '用户查看了自己发布的文章', '/person/personArticle', '2022-05-18:16:42:21', '2022-05-18:16:42:21');
INSERT INTO `bbs_system_log` VALUES (803987457, '028a7457e1436360a6c405be3149da21', '192.168.137.1', 'Result com.yinjie.bbs_java.controller.UserController.login(UserDto,HttpServletResponse)', '用户进行了登录', '/user/login', '2022-05-20:23:22:59', '2022-05-20:23:22:59');
INSERT INTO `bbs_system_log` VALUES (868892674, 'b209328f67e768635cc1107f31724aeb', '2.0.1.15', 'Result com.yinjie.bbs_java.controller.UserController.changePerson(UserDto)', '用户进修改了个人信息', '/user/changePerson', '2022-05-19:17:11:27', '2022-05-19:17:11:27');
INSERT INTO `bbs_system_log` VALUES (873086978, 'b209328f67e768635cc1107f31724aeb', '2.0.1.15', 'Result com.yinjie.bbs_java.controller.ArticleController.postArticle(Article)', '用户发布了文章', '/article/post', '2022-05-19:17:19:47', '2022-05-19:17:19:47');
INSERT INTO `bbs_system_log` VALUES (896204802, '028a7457e1436360a6c405be3149da21', '192.168.137.1', 'Result com.yinjie.bbs_java.controller.ArticleController.postArticle(Article)', '用户发布了文章', '/article/post', '2022-05-21:12:06:54', '2022-05-21:12:06:54');
INSERT INTO `bbs_system_log` VALUES (917135361, '028a7457e1436360a6c405be3149da21', '192.168.137.1', 'Result com.yinjie.bbs_java.controller.ArticleController.selectArticleById(Integer)', '浏览文章详细', '/article/articleDetail', '2022-05-17:22:25:20', '2022-05-17:22:25:20');
INSERT INTO `bbs_system_log` VALUES (961204225, '028a7457e1436360a6c405be3149da21', '2.0.1.15', 'Result com.yinjie.bbs_java.controller.ArticleController.addChildComment(ChildComment)', '用户进行了评论', '/article/addChildComment', '2022-05-19:16:29:46', '2022-05-19:16:29:46');
INSERT INTO `bbs_system_log` VALUES (978051073, '62bf474b5af927d71833606203e98f73', '2.0.1.8', 'Result com.yinjie.bbs_java.controller.PersonController.SelectPersonArticle(String,String)', '用户查看了自己发布的文章', '/person/personArticle', '2022-05-18:16:34:28', '2022-05-18:16:34:28');
INSERT INTO `bbs_system_log` VALUES (982138881, 'b209328f67e768635cc1107f31724aeb', '2.0.1.15', 'Result com.yinjie.bbs_java.controller.ArticleController.postArticle(Article)', '用户发布了文章', '/article/post', '2022-05-19:17:21:50', '2022-05-19:17:21:50');
INSERT INTO `bbs_system_log` VALUES (1003110402, '028a7457e1436360a6c405be3149da21', '2.0.1.8', 'Result com.yinjie.bbs_java.controller.PersonController.SelectMyFocus(String)', '用户查看了关注我的人和我关注的人', '/person/myfocus', '2022-05-18:15:24:18', '2022-05-18:15:24:18');
INSERT INTO `bbs_system_log` VALUES (1003110403, '028a7457e1436360a6c405be3149da21', '2.0.1.8', 'Result com.yinjie.bbs_java.controller.PersonController.SelectPersonArticle(String,String)', '用户查看了自己发布的文章', '/person/personArticle', '2022-05-18:15:24:19', '2022-05-18:15:24:19');
INSERT INTO `bbs_system_log` VALUES (1003110404, '028a7457e1436360a6c405be3149da21', '2.0.1.8', 'Result com.yinjie.bbs_java.controller.PersonController.SelectPersonArticle(String,String)', '用户查看了自己发布的文章', '/person/personArticle', '2022-05-18:15:24:19', '2022-05-18:15:24:19');
INSERT INTO `bbs_system_log` VALUES (1003110405, '028a7457e1436360a6c405be3149da21', '2.0.1.8', 'Result com.yinjie.bbs_java.controller.PersonController.SelectMyCollection(String)', '用户查看了自己收藏的文章', '/person/myCollection', '2022-05-18:15:24:19', '2022-05-18:15:24:19');
INSERT INTO `bbs_system_log` VALUES (1028268034, '028a7457e1436360a6c405be3149da21', '2.0.1.5', 'Result com.yinjie.bbs_java.controller.ArticleController.selectArticleById(Integer)', '浏览文章详细', '/article/articleDetail', '2022-05-17:17:19:28', '2022-05-17:17:19:28');
INSERT INTO `bbs_system_log` VALUES (1028313089, 'b209328f67e768635cc1107f31724aeb', '2.0.1.15', 'Result com.yinjie.bbs_java.controller.ArticleController.selectArticleById(Integer)', '浏览文章详细', '/article/articleDetail', '2022-05-19:16:00:15', '2022-05-19:16:00:15');
INSERT INTO `bbs_system_log` VALUES (1066024962, '028a7457e1436360a6c405be3149da21', '2.0.1.8', 'Result com.yinjie.bbs_java.controller.PersonController.SelectMyFocus(String)', '用户查看了关注我的人和我关注的人', '/person/myfocus', '2022-05-18:15:24:19', '2022-05-18:15:24:19');
INSERT INTO `bbs_system_log` VALUES (1133133826, '028a7457e1436360a6c405be3149da21', '2.0.1.8', 'Result com.yinjie.bbs_java.controller.PersonController.SelectMyFocus(String)', '用户查看了关注我的人和我关注的人', '/person/myfocus', '2022-05-18:15:24:19', '2022-05-18:15:24:19');
INSERT INTO `bbs_system_log` VALUES (1143709698, 'b209328f67e768635cc1107f31724aeb', '2.0.1.15', 'Result com.yinjie.bbs_java.controller.PersonController.SelectPersonArticle(String,String)', '用户查看了自己发布的文章', '/person/personArticle', '2022-05-19:14:34:28', '2022-05-19:14:34:28');
INSERT INTO `bbs_system_log` VALUES (1168793601, '028a7457e1436360a6c405be3149da21', '192.168.137.1', 'Result com.yinjie.bbs_java.controller.UserController.login(UserDto,HttpServletResponse)', '用户进行了登录', '/user/login', '2022-05-17:22:26:56', '2022-05-17:22:26:56');
INSERT INTO `bbs_system_log` VALUES (1189863426, '028a7457e1436360a6c405be3149da21', '192.168.137.1', 'Result com.yinjie.bbs_java.controller.UserController.login(UserDto,HttpServletResponse)', '用户进行了登录', '/user/login', '2022-05-18:09:12:25', '2022-05-18:09:12:25');
INSERT INTO `bbs_system_log` VALUES (1191854082, 'b209328f67e768635cc1107f31724aeb', '2.0.1.15', 'Result com.yinjie.bbs_java.controller.PersonController.SelectMyFocus(String)', '用户查看了关注我的人和我关注的人', '/person/myfocus', '2022-05-19:17:21:10', '2022-05-19:17:21:10');
INSERT INTO `bbs_system_log` VALUES (1200242690, 'b209328f67e768635cc1107f31724aeb', '2.0.1.15', 'Result com.yinjie.bbs_java.controller.PersonController.SelectPersonArticle(String,String)', '用户查看了自己发布的文章', '/person/personArticle', '2022-05-19:17:21:10', '2022-05-19:17:21:10');
INSERT INTO `bbs_system_log` VALUES (1204473858, 'b209328f67e768635cc1107f31724aeb', '2.0.1.15', 'Result com.yinjie.bbs_java.controller.ArticleController.selectArticleById(Integer)', '浏览文章详细', '/article/articleDetail', '2022-05-19:16:16:01', '2022-05-19:16:16:01');
INSERT INTO `bbs_system_log` VALUES (1217019907, '62bf474b5af927d71833606203e98f73', '2.0.1.8', 'Result com.yinjie.bbs_java.controller.ArticleController.addParComment(ParComment)', '用户进行了评论', '/article/addParComment', '2022-05-18:16:54:23', '2022-05-18:16:54:23');
INSERT INTO `bbs_system_log` VALUES (1217130498, 'b209328f67e768635cc1107f31724aeb', '2.0.1.15', 'Result com.yinjie.bbs_java.controller.ArticleController.selectArticleById(Integer)', '浏览文章详细', '/article/articleDetail', '2022-05-19:16:52:30', '2022-05-19:16:52:30');
INSERT INTO `bbs_system_log` VALUES (1225515009, '028a7457e1436360a6c405be3149da21', '2.0.1.8', 'Result com.yinjie.bbs_java.controller.ArticleController.selectArticleById(Integer)', '浏览文章详细', '/article/articleDetail', '2022-05-18:16:28:42', '2022-05-18:16:28:42');
INSERT INTO `bbs_system_log` VALUES (1250680833, '62bf474b5af927d71833606203e98f73', '2.0.1.8', 'Result com.yinjie.bbs_java.controller.UserController.login(UserDto,HttpServletResponse)', '用户进行了登录', '/user/login', '2022-05-18:16:29:26', '2022-05-18:16:29:26');
INSERT INTO `bbs_system_log` VALUES (1254879233, 'b209328f67e768635cc1107f31724aeb', '2.0.1.15', 'Result com.yinjie.bbs_java.controller.PersonController.SelectPersonArticle(String,String)', '用户查看了自己发布的文章', '/person/personArticle', '2022-05-19:16:51:54', '2022-05-19:16:51:54');
INSERT INTO `bbs_system_log` VALUES (1254879234, 'b209328f67e768635cc1107f31724aeb', '2.0.1.15', 'Result com.yinjie.bbs_java.controller.PersonController.SelectMyFocus(String)', '用户查看了关注我的人和我关注的人', '/person/myfocus', '2022-05-19:16:48:29', '2022-05-19:16:48:29');
INSERT INTO `bbs_system_log` VALUES (1263267842, 'b209328f67e768635cc1107f31724aeb', '2.0.1.15', 'Result com.yinjie.bbs_java.controller.PersonController.SelectMyFocus(String)', '用户查看了关注我的人和我关注的人', '/person/myfocus', '2022-05-19:16:51:54', '2022-05-19:16:51:54');
INSERT INTO `bbs_system_log` VALUES (1280040961, '62bf474b5af927d71833606203e98f73', '2.0.1.8', 'Result com.yinjie.bbs_java.controller.ArticleController.selectArticleById(Integer)', '浏览文章详细', '/article/articleDetail', '2022-05-18:16:29:34', '2022-05-18:16:29:34');
INSERT INTO `bbs_system_log` VALUES (1324081153, '028a7457e1436360a6c405be3149da21', '192.168.137.1', 'Result com.yinjie.bbs_java.controller.ArticleController.addParComment(ParComment)', '用户进行了评论', '/article/addParComment', '2022-05-20:23:46:47', '2022-05-20:23:46:47');
INSERT INTO `bbs_system_log` VALUES (1334571009, 'b209328f67e768635cc1107f31724aeb', '2.0.1.15', 'Result com.yinjie.bbs_java.controller.PersonController.SelectPersonArticle(String,String)', '用户查看了自己发布的文章', '/person/personArticle', '2022-05-19:16:49:23', '2022-05-19:16:49:23');
INSERT INTO `bbs_system_log` VALUES (1340858369, '028a7457e1436360a6c405be3149da21', '192.168.137.1', 'Result com.yinjie.bbs_java.controller.PersonController.SelectMyFocus(String)', '用户查看了关注我的人和我关注的人', '/person/myfocus', '2022-05-18:09:15:18', '2022-05-18:09:15:18');
INSERT INTO `bbs_system_log` VALUES (1340858370, '028a7457e1436360a6c405be3149da21', '192.168.137.1', 'Result com.yinjie.bbs_java.controller.PersonController.SelectPersonArticle(String,String)', '用户查看了自己发布的文章', '/person/personArticle', '2022-05-18:09:15:18', '2022-05-18:09:15:18');
INSERT INTO `bbs_system_log` VALUES (1347043329, '62bf474b5af927d71833606203e98f73', '2.0.1.8', 'Result com.yinjie.bbs_java.controller.ArticleController.approve(Integer,boolean)', '用户点赞了文章', '/article/approve', '2022-05-18:16:59:14', '2022-05-18:16:59:14');
INSERT INTO `bbs_system_log` VALUES (1359663106, '028a7457e1436360a6c405be3149da21', '2.0.1.15', 'Result com.yinjie.bbs_java.controller.UserController.login(UserDto,HttpServletResponse)', '用户进行了登录', '/user/login', '2022-05-19:16:29:26', '2022-05-19:16:29:26');
INSERT INTO `bbs_system_log` VALUES (1361813506, '028a7457e1436360a6c405be3149da21', '2.0.1.15', 'Result com.yinjie.bbs_java.controller.UserController.login(UserDto,HttpServletResponse)', '用户进行了登录', '/user/login', '2022-05-19:14:25:08', '2022-05-19:14:25:08');
INSERT INTO `bbs_system_log` VALUES (1409957889, '62bf474b5af927d71833606203e98f73', '2.0.1.8', 'Result com.yinjie.bbs_java.controller.PersonController.SelectPersonArticle(String,String)', '用户查看了自己发布的文章', '/person/personArticle', '2022-05-18:16:59:14', '2022-05-18:16:59:14');
INSERT INTO `bbs_system_log` VALUES (1414152194, 'b209328f67e768635cc1107f31724aeb', '2.0.1.15', 'Result com.yinjie.bbs_java.controller.ArticleController.postArticle(Article)', '用户发布了文章', '/article/post', '2022-05-19:17:20:08', '2022-05-19:17:20:08');
INSERT INTO `bbs_system_log` VALUES (1456132097, 'b209328f67e768635cc1107f31724aeb', '2.0.1.15', 'Result com.yinjie.bbs_java.controller.ArticleController.selectArticleById(Integer)', '浏览文章详细', '/article/articleDetail', '2022-05-19:14:57:25', '2022-05-19:14:57:25');
INSERT INTO `bbs_system_log` VALUES (1460396036, '62bf474b5af927d71833606203e98f73', '2.0.1.8', 'Result com.yinjie.bbs_java.controller.ArticleController.addParComment(ParComment)', '用户进行了评论', '/article/addParComment', '2022-05-18:16:43:07', '2022-05-18:16:43:07');
INSERT INTO `bbs_system_log` VALUES (1464475650, '028a7457e1436360a6c405be3149da21', '2.0.1.5', 'Result com.yinjie.bbs_java.controller.ArticleController.postArticle(Article)', '用户发布了文章', '/article/post', '2022-05-17:17:18:53', '2022-05-17:17:18:53');
INSERT INTO `bbs_system_log` VALUES (1479254017, 'b209328f67e768635cc1107f31724aeb', '2.0.1.15', 'Result com.yinjie.bbs_java.controller.UserController.login(UserDto,HttpServletResponse)', '用户进行了登录', '/user/login', '2022-05-19:14:34:15', '2022-05-19:14:34:15');
INSERT INTO `bbs_system_log` VALUES (1498038274, '028a7457e1436360a6c405be3149da21', '2.0.1.8', 'Result com.yinjie.bbs_java.controller.PersonController.SelectMyFocus(String)', '用户查看了关注我的人和我关注的人', '/person/myfocus', '2022-05-18:15:24:15', '2022-05-18:15:24:15');
INSERT INTO `bbs_system_log` VALUES (1498038275, '028a7457e1436360a6c405be3149da21', '2.0.1.8', 'Result com.yinjie.bbs_java.controller.PersonController.SelectPersonArticle(String,String)', '用户查看了自己发布的文章', '/person/personArticle', '2022-05-18:15:24:15', '2022-05-18:15:24:15');
INSERT INTO `bbs_system_log` VALUES (1500241922, '028a7457e1436360a6c405be3149da21', '192.168.137.1', 'Result com.yinjie.bbs_java.controller.ArticleController.selectArticleById(Integer)', '浏览文章详细', '/article/articleDetail', '2022-05-20:23:45:11', '2022-05-20:23:45:11');
INSERT INTO `bbs_system_log` VALUES (1506496513, '028a7457e1436360a6c405be3149da21', '2.0.1.5', 'Result com.yinjie.bbs_java.controller.PersonController.SelectMyFocus(String)', '用户查看了关注我的人和我关注的人', '/person/myfocus', '2022-05-17:16:58:53', '2022-05-17:16:58:53');
INSERT INTO `bbs_system_log` VALUES (1508614146, '028a7457e1436360a6c405be3149da21', '2.0.1.15', 'Result com.yinjie.bbs_java.controller.UserController.login(UserDto,HttpServletResponse)', '用户进行了登录', '/user/login', '2022-05-19:14:34:08', '2022-05-19:14:34:08');
INSERT INTO `bbs_system_log` VALUES (1519009793, 'b209328f67e768635cc1107f31724aeb', '2.0.1.15', 'Result com.yinjie.bbs_java.controller.PersonController.SelectMyFocus(String)', '用户查看了关注我的人和我关注的人', '/person/myfocus', '2022-05-19:17:21:08', '2022-05-19:17:21:08');
INSERT INTO `bbs_system_log` VALUES (1519009794, 'b209328f67e768635cc1107f31724aeb', '2.0.1.15', 'Result com.yinjie.bbs_java.controller.PersonController.SelectPersonArticle(String,String)', '用户查看了自己发布的文章', '/person/personArticle', '2022-05-19:17:21:08', '2022-05-19:17:21:08');
INSERT INTO `bbs_system_log` VALUES (1535856642, '028a7457e1436360a6c405be3149da21', '2.0.1.5', 'Result com.yinjie.bbs_java.controller.ArticleController.selectArticleById(Integer)', '浏览文章详细', '/article/articleDetail', '2022-05-17:16:59:25', '2022-05-17:16:59:25');
INSERT INTO `bbs_system_log` VALUES (1539981314, 'b209328f67e768635cc1107f31724aeb', '2.0.1.15', 'Result com.yinjie.bbs_java.controller.ArticleController.postArticle(Article)', '用户发布了文章', '/article/post', '2022-05-19:17:16:21', '2022-05-19:17:16:21');
INSERT INTO `bbs_system_log` VALUES (1561059329, '028a7457e1436360a6c405be3149da21', '2.0.1.8', 'Result com.yinjie.bbs_java.controller.PersonController.SelectMyFocus(String)', '用户查看了关注我的人和我关注的人', '/person/myfocus', '2022-05-18:16:28:30', '2022-05-18:16:28:30');
INSERT INTO `bbs_system_log` VALUES (1592487938, '028a7457e1436360a6c405be3149da21', '192.168.137.1', 'Result com.yinjie.bbs_java.controller.PersonController.SelectMyFocus(String)', '用户查看了关注我的人和我关注的人', '/person/myfocus', '2022-05-17:22:59:04', '2022-05-17:22:59:04');
INSERT INTO `bbs_system_log` VALUES (1605099522, '028a7457e1436360a6c405be3149da21', '192.168.137.1', 'Result com.yinjie.bbs_java.controller.ArticleController.addParComment(ParComment)', '用户进行了评论', '/article/addParComment', '2022-05-18:09:15:11', '2022-05-18:09:15:11');
INSERT INTO `bbs_system_log` VALUES (1628168194, '028a7457e1436360a6c405be3149da21', '2.0.1.8', 'Result com.yinjie.bbs_java.controller.PersonController.SelectPersonArticle(String,String)', '用户查看了自己发布的文章', '/person/personArticle', '2022-05-18:16:28:30', '2022-05-18:16:28:30');
INSERT INTO `bbs_system_log` VALUES (1628172290, 'b209328f67e768635cc1107f31724aeb', '2.0.1.15', 'Result com.yinjie.bbs_java.controller.ArticleController.selectArticleById(Integer)', '浏览文章详细', '/article/articleDetail', '2022-05-19:16:54:25', '2022-05-19:16:54:25');
INSERT INTO `bbs_system_log` VALUES (1636556801, '62bf474b5af927d71833606203e98f73', '2.0.1.8', 'Result com.yinjie.bbs_java.controller.ArticleController.selectAchievement(String)', '查询我的成就', '/article/achievement', '2022-05-18:16:29:26', '2022-05-18:16:29:26');
INSERT INTO `bbs_system_log` VALUES (1657528322, '028a7457e1436360a6c405be3149da21', '2.0.1.8', 'Result com.yinjie.bbs_java.controller.PersonController.SelectPersonArticle(String,String)', '用户查看了自己发布的文章', '/person/personArticle', '2022-05-18:16:28:34', '2022-05-18:16:28:34');
INSERT INTO `bbs_system_log` VALUES (1688956929, '028a7457e1436360a6c405be3149da21', '192.168.137.1', 'Result com.yinjie.bbs_java.controller.PersonController.SelectMyFocus(String)', '用户查看了关注我的人和我关注的人', '/person/myfocus', '2022-05-17:23:05:03', '2022-05-17:23:05:03');
INSERT INTO `bbs_system_log` VALUES (1703669761, 'b209328f67e768635cc1107f31724aeb', '2.0.1.15', 'Result com.yinjie.bbs_java.controller.PersonController.SelectPersonArticle(String,String)', '用户查看了自己发布的文章', '/person/personArticle', '2022-05-19:16:49:21', '2022-05-19:16:49:21');
INSERT INTO `bbs_system_log` VALUES (1712058370, 'b209328f67e768635cc1107f31724aeb', '2.0.1.15', 'Result com.yinjie.bbs_java.controller.PersonController.SelectMyFocus(String)', '用户查看了关注我的人和我关注的人', '/person/myfocus', '2022-05-19:16:49:21', '2022-05-19:16:49:21');
INSERT INTO `bbs_system_log` VALUES (1720434689, '028a7457e1436360a6c405be3149da21', '2.0.1.5', 'Result com.yinjie.bbs_java.controller.PersonController.SelectPersonArticle(String,String)', '用户查看了自己发布的文章', '/person/personArticle', '2022-05-17:17:15:15', '2022-05-17:17:15:15');
INSERT INTO `bbs_system_log` VALUES (1720434690, '028a7457e1436360a6c405be3149da21', '2.0.1.5', 'Result com.yinjie.bbs_java.controller.PersonController.SelectMyFocus(String)', '用户查看了关注我的人和我关注的人', '/person/myfocus', '2022-05-17:17:15:15', '2022-05-17:17:15:15');
INSERT INTO `bbs_system_log` VALUES (1749696513, 'b209328f67e768635cc1107f31724aeb', '2.0.1.15', 'Result com.yinjie.bbs_java.controller.ArticleController.selectArticleById(Integer)', '浏览文章详细', '/article/articleDetail', '2022-05-19:17:21:22', '2022-05-19:17:21:22');
INSERT INTO `bbs_system_log` VALUES (1758085121, 'b209328f67e768635cc1107f31724aeb', '2.0.1.15', 'Result com.yinjie.bbs_java.controller.ArticleController.selectArticleById(Integer)', '浏览文章详细', '/article/articleDetail', '2022-05-19:17:18:40', '2022-05-19:17:18:40');
INSERT INTO `bbs_system_log` VALUES (1758121985, '028a7457e1436360a6c405be3149da21', '2.0.1.15', 'Result com.yinjie.bbs_java.controller.ArticleController.selectAchievement(String)', '查询我的成就', '/article/achievement', '2022-05-19:16:29:26', '2022-05-19:16:29:26');
INSERT INTO `bbs_system_log` VALUES (1760272385, 'b209328f67e768635cc1107f31724aeb', '2.0.1.15', 'Result com.yinjie.bbs_java.controller.PersonController.SelectMyFocus(String)', '用户查看了关注我的人和我关注的人', '/person/myfocus', '2022-05-19:14:34:34', '2022-05-19:14:34:34');
INSERT INTO `bbs_system_log` VALUES (1787551746, '62bf474b5af927d71833606203e98f73', '2.0.1.8', 'Result com.yinjie.bbs_java.controller.ArticleController.selectArticleById(Integer)', '浏览文章详细', '/article/articleDetail', '2022-05-18:16:42:46', '2022-05-18:16:42:46');
INSERT INTO `bbs_system_log` VALUES (1791639553, 'b209328f67e768635cc1107f31724aeb', '2.0.1.15', 'Result com.yinjie.bbs_java.controller.PersonController.SelectPersonArticle(String,String)', '用户查看了自己发布的文章', '/person/personArticle', '2022-05-19:17:21:22', '2022-05-19:17:21:22');
INSERT INTO `bbs_system_log` VALUES (1797939202, '028a7457e1436360a6c405be3149da21', '192.168.137.1', 'Result com.yinjie.bbs_java.controller.ArticleController.selectArticleById(Integer)', '浏览文章详细', '/article/articleDetail', '2022-05-17:22:25:28', '2022-05-17:22:25:28');
INSERT INTO `bbs_system_log` VALUES (1810522113, '028a7457e1436360a6c405be3149da21', '192.168.137.1', 'Result com.yinjie.bbs_java.controller.PersonController.SelectMyFocus(String)', '用户查看了关注我的人和我关注的人', '/person/myfocus', '2022-05-17:22:37:02', '2022-05-17:22:37:02');
INSERT INTO `bbs_system_log` VALUES (1814798337, 'b209328f67e768635cc1107f31724aeb', '2.0.1.15', 'Result com.yinjie.bbs_java.controller.PersonController.SelectMyCollection(String)', '用户查看了自己收藏的文章', '/person/myCollection', '2022-05-19:14:34:34', '2022-05-19:14:34:34');
INSERT INTO `bbs_system_log` VALUES (1819009025, '028a7457e1436360a6c405be3149da21', '192.168.137.1', 'Result com.yinjie.bbs_java.controller.PersonController.SelectMyFocus(String)', '用户查看了关注我的人和我关注的人', '/person/myfocus', '2022-05-18:09:14:45', '2022-05-18:09:14:45');
INSERT INTO `bbs_system_log` VALUES (1820999681, 'b209328f67e768635cc1107f31724aeb', '2.0.1.15', 'Result com.yinjie.bbs_java.controller.ArticleController.postArticle(Article)', '用户发布了文章', '/article/post', '2022-05-19:17:34:00', '2022-05-19:17:34:00');
INSERT INTO `bbs_system_log` VALUES (1833619457, 'b209328f67e768635cc1107f31724aeb', '2.0.1.15', 'Result com.yinjie.bbs_java.controller.PersonController.SelectMyFocus(String)', '用户查看了关注我的人和我关注的人', '/person/myfocus', '2022-05-19:14:42:29', '2022-05-19:14:42:29');
INSERT INTO `bbs_system_log` VALUES (1844105217, '028a7457e1436360a6c405be3149da21', '192.168.137.1', 'Result com.yinjie.bbs_java.controller.ArticleController.selectArticleById(Integer)', '浏览文章详细', '/article/articleDetail', '2022-05-21:10:47:00', '2022-05-21:10:47:00');
INSERT INTO `bbs_system_log` VALUES (1850396673, 'b209328f67e768635cc1107f31724aeb', '2.0.1.15', 'Result com.yinjie.bbs_java.controller.PersonController.SelectPersonArticle(String,String)', '用户查看了自己发布的文章', '/person/personArticle', '2022-05-19:14:42:29', '2022-05-19:14:42:29');
INSERT INTO `bbs_system_log` VALUES (1856741378, 'b209328f67e768635cc1107f31724aeb', '2.0.1.15', 'Result com.yinjie.bbs_java.controller.ArticleController.selectAchievement(String)', '查询我的成就', '/article/achievement', '2022-05-19:14:34:15', '2022-05-19:14:34:15');
INSERT INTO `bbs_system_log` VALUES (1862942721, '028a7457e1436360a6c405be3149da21', '2.0.1.8', 'Result com.yinjie.bbs_java.controller.PersonController.SelectPersonArticle(String,String)', '用户查看了自己发布的文章', '/person/personArticle', '2022-05-18:15:24:19', '2022-05-18:15:24:19');
INSERT INTO `bbs_system_log` VALUES (1867137025, 'b209328f67e768635cc1107f31724aeb', '2.0.1.15', 'Result com.yinjie.bbs_java.controller.ArticleController.postArticle(Article)', '用户发布了文章', '/article/post', '2022-05-19:17:22:28', '2022-05-19:17:22:28');
INSERT INTO `bbs_system_log` VALUES (1867173890, 'b209328f67e768635cc1107f31724aeb', '2.0.1.15', 'Result com.yinjie.bbs_java.controller.ArticleController.selectArticleById(Integer)', '浏览文章详细', '/article/articleDetail', '2022-05-19:15:55:14', '2022-05-19:15:55:14');
INSERT INTO `bbs_system_log` VALUES (1881923585, '028a7457e1436360a6c405be3149da21', '192.168.137.1', 'Result com.yinjie.bbs_java.controller.ArticleController.selectAchievement(String)', '查询我的成就', '/article/achievement', '2022-05-18:09:12:25', '2022-05-18:09:12:25');
INSERT INTO `bbs_system_log` VALUES (1909153794, '028a7457e1436360a6c405be3149da21', '2.0.1.4', 'Result com.yinjie.bbs_java.controller.ArticleController.selectAchievement(String)', '查询我的成就', '/article/achievement', '2022-05-24:15:45:18', '2022-05-24:15:45:18');
INSERT INTO `bbs_system_log` VALUES (1940643841, '028a7457e1436360a6c405be3149da21', '192.168.137.1', 'Result com.yinjie.bbs_java.controller.ArticleController.postArticle(Article)', '用户发布了文章', '/article/post', '2022-05-20:23:44:15', '2022-05-20:23:44:15');
INSERT INTO `bbs_system_log` VALUES (1978392577, '028a7457e1436360a6c405be3149da21', '192.168.137.1', 'Result com.yinjie.bbs_java.controller.ArticleController.selectAchievement(String)', '查询我的成就', '/article/achievement', '2022-05-20:23:22:59', '2022-05-20:23:22:59');
INSERT INTO `bbs_system_log` VALUES (1980383234, 'b209328f67e768635cc1107f31724aeb', '2.0.1.15', 'Result com.yinjie.bbs_java.controller.ArticleController.postArticle(Article)', '用户发布了文章', '/article/post', '2022-05-19:17:19:53', '2022-05-19:17:19:53');
INSERT INTO `bbs_system_log` VALUES (2007752706, '028a7457e1436360a6c405be3149da21', '192.168.137.1', 'Result com.yinjie.bbs_java.controller.ArticleController.selectArticleById(Integer)', '浏览文章详细', '/article/articleDetail', '2022-05-20:23:47:24', '2022-05-20:23:47:24');
INSERT INTO `bbs_system_log` VALUES (2022395905, '028a7457e1436360a6c405be3149da21', '2.0.1.5', 'Result com.yinjie.bbs_java.controller.ArticleController.approve(Integer,boolean)', '用户点赞了文章', '/article/approve', '2022-05-17:16:59:18', '2022-05-17:16:59:18');
INSERT INTO `bbs_system_log` VALUES (2026520578, 'b209328f67e768635cc1107f31724aeb', '2.0.1.15', 'Result com.yinjie.bbs_java.controller.PersonController.SelectPersonArticle(String,String)', '用户查看了自己发布的文章', '/person/personArticle', '2022-05-19:17:11:23', '2022-05-19:17:11:23');
INSERT INTO `bbs_system_log` VALUES (2026520579, 'b209328f67e768635cc1107f31724aeb', '2.0.1.15', 'Result com.yinjie.bbs_java.controller.PersonController.SelectMyFocus(String)', '用户查看了关注我的人和我关注的人', '/person/myfocus', '2022-05-19:17:11:23', '2022-05-19:17:11:23');
INSERT INTO `bbs_system_log` VALUES (2030821378, '62bf474b5af927d71833606203e98f73', '2.0.1.8', 'Result com.yinjie.bbs_java.controller.PersonController.SelectMyFocus(String)', '用户查看了关注我的人和我关注的人', '/person/myfocus', '2022-05-18:16:34:26', '2022-05-18:16:34:26');
INSERT INTO `bbs_system_log` VALUES (2030821379, '62bf474b5af927d71833606203e98f73', '2.0.1.8', 'Result com.yinjie.bbs_java.controller.PersonController.SelectPersonArticle(String,String)', '用户查看了自己发布的文章', '/person/personArticle', '2022-05-18:16:34:26', '2022-05-18:16:34:26');
INSERT INTO `bbs_system_log` VALUES (2034946050, 'b209328f67e768635cc1107f31724aeb', '2.0.1.15', 'Result com.yinjie.bbs_java.controller.ArticleController.selectArticleById(Integer)', '浏览文章详细', '/article/articleDetail', '2022-05-19:14:48:54', '2022-05-19:14:48:54');
INSERT INTO `bbs_system_log` VALUES (2055950338, '028a7457e1436360a6c405be3149da21', '2.0.1.5', 'Result com.yinjie.bbs_java.controller.ArticleController.addParComment(ParComment)', '用户进行了评论', '/article/addParComment', '2022-05-17:16:59:36', '2022-05-17:16:59:36');
INSERT INTO `bbs_system_log` VALUES (2060075009, 'b209328f67e768635cc1107f31724aeb', '2.0.1.15', 'Result com.yinjie.bbs_java.controller.ArticleController.postArticle(Article)', '用户发布了文章', '/article/post', '2022-05-19:17:21:57', '2022-05-19:17:21:57');
INSERT INTO `bbs_system_log` VALUES (2091638786, '028a7457e1436360a6c405be3149da21', '192.168.137.1', 'Result com.yinjie.bbs_java.controller.PersonController.SelectMyFocus(String)', '用户查看了关注我的人和我关注的人', '/person/myfocus', '2022-05-18:09:15:16', '2022-05-18:09:15:16');
INSERT INTO `bbs_system_log` VALUES (2091638787, '028a7457e1436360a6c405be3149da21', '192.168.137.1', 'Result com.yinjie.bbs_java.controller.PersonController.SelectPersonArticle(String,String)', '用户查看了自己发布的文章', '/person/personArticle', '2022-05-18:09:15:16', '2022-05-18:09:15:16');
INSERT INTO `bbs_system_log` VALUES (2135572482, 'b209328f67e768635cc1107f31724aeb', '2.0.1.15', 'Result com.yinjie.bbs_java.controller.ArticleController.selectArticleById(Integer)', '浏览文章详细', '/article/articleDetail', '2022-05-19:17:11:42', '2022-05-19:17:11:42');
INSERT INTO `bbs_system_log` VALUES (2144034817, '028a7457e1436360a6c405be3149da21', '2.0.1.4', 'Result com.yinjie.bbs_java.controller.PersonController.SelectMyFocus(String)', '用户查看了关注我的人和我关注的人', '/person/myfocus', '2022-05-24:15:46:21', '2022-05-24:15:46:21');
INSERT INTO `bbs_system_log` VALUES (2146066433, '028a7457e1436360a6c405be3149da21', '192.168.137.1', 'Result com.yinjie.bbs_java.controller.PersonController.SelectMyFocus(String)', '用户查看了关注我的人和我关注的人', '/person/myfocus', '2022-05-17:22:48:28', '2022-05-17:22:48:28');

-- ----------------------------
-- Table structure for bbs_user
-- ----------------------------
DROP TABLE IF EXISTS `bbs_user`;
CREATE TABLE `bbs_user`  (
  `id` varchar(50) CHARACTER SET utf8 COLLATE utf8_general_ci NOT NULL DEFAULT '0',
  `email` varchar(255) CHARACTER SET utf8 COLLATE utf8_general_ci NOT NULL,
  `password` varchar(255) CHARACTER SET utf8 COLLATE utf8_general_ci NOT NULL,
  `avatar` varchar(255) CHARACTER SET utf8 COLLATE utf8_general_ci NULL DEFAULT NULL,
  `status` int(255) NOT NULL DEFAULT 0,
  `is_delete` int(255) NOT NULL DEFAULT 0,
  `role_id` int(10) NOT NULL DEFAULT 1,
  `salt` varchar(255) CHARACTER SET utf8 COLLATE utf8_general_ci NOT NULL,
  `create_time` varchar(255) CHARACTER SET utf8 COLLATE utf8_general_ci NOT NULL,
  `update_time` varchar(255) CHARACTER SET utf8 COLLATE utf8_general_ci NOT NULL,
  `describe` varchar(255) CHARACTER SET utf8 COLLATE utf8_general_ci NULL DEFAULT NULL,
  `nick_name` varchar(255) CHARACTER SET utf8 COLLATE utf8_general_ci NULL DEFAULT NULL,
  PRIMARY KEY (`id`) USING BTREE
) ENGINE = InnoDB CHARACTER SET = utf8 COLLATE = utf8_general_ci ROW_FORMAT = Dynamic;

-- ----------------------------
-- Records of bbs_user
-- ----------------------------
INSERT INTO `bbs_user` VALUES ('028a7457e1436360a6c405be3149da21', '2240581781@qq.com', 'f8f95fdd16bcee252c2452e721a67f8f', 'http://raugnkxn8.hn-bkt.clouddn.com/9XC1348wh9BDFE.png', 0, 0, 2, '33Pg7y', '2022-03-08:17:28:46', '2022-03-08:17:28:46', '我是一个猪1', '黑夜呜呜');
INSERT INTO `bbs_user` VALUES ('62bf474b5af927d71833606203e98f73', '1532664251@qq.com', '2870e3004c706c8ea6aefda73fe587f7', 'http://raugnkxn8.hn-bkt.clouddn.com/vx06IQQV6zm805.png', 0, 0, 1, 'WXEJ9o', '2022-03-12:15:51:45', '2022-04-13:17:18:22', '我是一个快乐的小猪', '蓝天白云');
INSERT INTO `bbs_user` VALUES ('b209328f67e768635cc1107f31724aeb', '1138737951@qq.com', 'f47600d58ba8a940989b0d5e8cee037b', 'http://raugnkxn8.hn-bkt.clouddn.com/0ct06QP25PIpf7.png', 0, 0, 1, 'ste)aT', '2022-03-12:15:37:01', '2022-04-13:17:18:22', '哈哈哈哈哈', '天下无贼');

-- ----------------------------
-- Table structure for bbs_user_collection
-- ----------------------------
DROP TABLE IF EXISTS `bbs_user_collection`;
CREATE TABLE `bbs_user_collection`  (
  `id` int(10) NOT NULL AUTO_INCREMENT,
  `user_id` varchar(255) CHARACTER SET utf8mb4 COLLATE utf8mb4_general_ci NOT NULL,
  `article_id` int(50) NOT NULL,
  PRIMARY KEY (`id`) USING BTREE
) ENGINE = InnoDB AUTO_INCREMENT = 8 CHARACTER SET = utf8mb4 COLLATE = utf8mb4_general_ci ROW_FORMAT = Dynamic;

-- ----------------------------
-- Records of bbs_user_collection
-- ----------------------------
INSERT INTO `bbs_user_collection` VALUES (3, '028a7457e1436360a6c405be3149da21', 81);
INSERT INTO `bbs_user_collection` VALUES (5, '62bf474b5af927d71833606203e98f73', 80);
INSERT INTO `bbs_user_collection` VALUES (6, '028a7457e1436360a6c405be3149da21', 84);
INSERT INTO `bbs_user_collection` VALUES (7, '62bf474b5af927d71833606203e98f73', 82);

-- ----------------------------
-- Table structure for bbs_user_role
-- ----------------------------
DROP TABLE IF EXISTS `bbs_user_role`;
CREATE TABLE `bbs_user_role`  (
  `id` int(10) NOT NULL AUTO_INCREMENT,
  `uid` varchar(255) CHARACTER SET utf8 COLLATE utf8_general_ci NOT NULL,
  `rid` int(10) NOT NULL,
  PRIMARY KEY (`id`) USING BTREE
) ENGINE = InnoDB AUTO_INCREMENT = 1 CHARACTER SET = utf8 COLLATE = utf8_general_ci ROW_FORMAT = Dynamic;

-- ----------------------------
-- Records of bbs_user_role
-- ----------------------------

SET FOREIGN_KEY_CHECKS = 1;
